
# >>>>>>>>>>>>>>>>>>>>>> ERROR REPORT <<<<<<<<<<<<<<<<<<<<<<

    Traceback (most recent call last):
      File "/zine/HPC02S1/miniconda3/lib/python3.12/site-packages/conda/exception_handler.py", line 18, in __call__
        return func(*args, **kwargs)
               ^^^^^^^^^^^^^^^^^^^^^
      File "/zine/HPC02S1/miniconda3/lib/python3.12/site-packages/conda/cli/main.py", line 61, in main_subshell
        exit_code = do_call(args, parser)
                    ^^^^^^^^^^^^^^^^^^^^^
      File "/zine/HPC02S1/miniconda3/lib/python3.12/site-packages/conda/cli/conda_argparse.py", line 206, in do_call
        result = getattr(module, func_name)(args, parser)
                 ^^^^^^^^^^^^^^^^^^^^^^^^^^^^^^^^^^^^^^^^
      File "/zine/HPC02S1/miniconda3/lib/python3.12/site-packages/conda/cli/main_init.py", line 162, in execute
        return initialize(
               ^^^^^^^^^^^
      File "/zine/HPC02S1/miniconda3/lib/python3.12/site-packages/conda/core/initialize.py", line 139, in initialize
        run_plan_elevated(plan2)
      File "/zine/HPC02S1/miniconda3/lib/python3.12/site-packages/conda/core/initialize.py", line 852, in run_plan_elevated
        result = subprocess_call(
                 ^^^^^^^^^^^^^^^^
      File "/zine/HPC02S1/miniconda3/lib/python3.12/site-packages/conda/gateways/subprocess.py", line 129, in subprocess_call
        raise CalledProcessError(rc, command, output=formatted_output)
    subprocess.CalledProcessError: Command '['sudo', '/zine/HPC02S1/miniconda3/bin/python', '-m', 'conda.core.initialize']' returned non-zero exit status 1.

`$ /zine/HPC02S1/miniconda3/condabin/conda init`

  environment variables:
                 CIO_TEST=<not set>
        CONDA_DEFAULT_ENV=pajaroenv
                CONDA_EXE=/zine/HPC02S1/miniconda3/bin/conda
             CONDA_PREFIX=/zine/HPC02S1/miniconda3/envs/pajaroenv
           CONDA_PREFIX_1=/zine/HPC02S1/miniconda3
    CONDA_PROMPT_MODIFIER=(pajaroenv)
         CONDA_PYTHON_EXE=/zine/HPC02S1/miniconda3/bin/python
               CONDA_ROOT=/zine/HPC02S1/miniconda3
              CONDA_SHLVL=2
           CURL_CA_BUNDLE=<not set>
     JAVA_LD_LIBRARY_PATH=/zine/HPC02S1/miniconda3/lib/jvm/lib/server
               LD_PRELOAD=<not set>
               MODULEPATH=/usr/share/Modules/modulefiles:/etc/modulefiles
                     PATH=/apps/bpike/miniforge3/bin:/zine/HPC02S1/miniconda3/envs/pajaroenv/bin
                          :/zine/HPC02S1/miniconda3/condabin:/usr/local/bin:/usr/bin:/usr/local/
                          sbin:/usr/sbin:/home/juanpajaro/.local/bin:/home/juanpajaro/bin
       REQUESTS_CA_BUNDLE=<not set>
            SSL_CERT_FILE=<not set>

     active environment : pajaroenv
    active env location : /zine/HPC02S1/miniconda3/envs/pajaroenv
            shell level : 2
       user config file : /home/juanpajaro/.condarc
 populated config files : /zine/HPC02S1/miniconda3/.condarc
          conda version : 25.3.0
    conda-build version : not installed
         python version : 3.12.2.final.0
                 solver : libmamba (default)
       virtual packages : __archspec=1=sandybridge
                          __conda=25.3.0=0
                          __glibc=2.17=0
                          __linux=3.10.0=0
                          __unix=0=0
       base environment : /zine/HPC02S1/miniconda3  (writable)
      conda av data dir : /zine/HPC02S1/miniconda3/etc/conda
  conda av metadata url : None
           channel URLs : https://repo.anaconda.com/pkgs/main/linux-64
                          https://repo.anaconda.com/pkgs/main/noarch
                          https://repo.anaconda.com/pkgs/r/linux-64
                          https://repo.anaconda.com/pkgs/r/noarch
          package cache : /zine/HPC02S1/miniconda3/pkgs
                          /home/juanpajaro/.conda/pkgs
       envs directories : /zine/HPC02S1/miniconda3/envs
                          /home/juanpajaro/.conda/envs
               platform : linux-64
             user-agent : conda/25.3.0 requests/2.32.3 CPython/3.12.2 Linux/3.10.0-1160.119.1.el7.x86_64 centos/7.9.2009 glibc/2.17 solver/libmamba conda-libmamba-solver/24.9.0 libmambapy/1.5.12
                UID:GID : 73207610:7002
             netrc file : None
           offline mode : False


An unexpected error has occurred. Conda has prepared the above report.
If you suspect this error is being caused by a malfunctioning plugin,
consider using the --no-plugins option to turn off plugins.

Example: conda --no-plugins install <package>

Alternatively, you can set the CONDA_NO_PLUGINS environment variable on
the command line to run the command without plugins enabled.

Example: CONDA_NO_PLUGINS=true conda install <package>

/var/spool/slurmd/job08775/slurm_script: line 19: /zine/HPC0251/miniconda3/etc/profile.d/conda.sh: No such file or directory

CondaError: Run 'conda init' before 'conda activate'

2026-05-18 07:18:08.630206: I tensorflow/core/platform/cpu_feature_guard.cc:182] This TensorFlow binary is optimized to use available CPU instructions in performance-critical operations.
To enable the following instructions: SSE4.1 SSE4.2 AVX, in other operations, rebuild TensorFlow with the appropriate compiler flags.
2026-05-18 07:18:08.630451: I tensorflow/core/platform/cpu_feature_guard.cc:182] This TensorFlow binary is optimized to use available CPU instructions in performance-critical operations.
To enable the following instructions: SSE4.1 SSE4.2 AVX, in other operations, rebuild TensorFlow with the appropriate compiler flags.
2026-05-18 07:18:08.633505: I tensorflow/core/platform/cpu_feature_guard.cc:182] This TensorFlow binary is optimized to use available CPU instructions in performance-critical operations.
To enable the following instructions: SSE4.1 SSE4.2 AVX, in other operations, rebuild TensorFlow with the appropriate compiler flags.
2026-05-18 07:18:08.648875: I tensorflow/core/platform/cpu_feature_guard.cc:182] This TensorFlow binary is optimized to use available CPU instructions in performance-critical operations.
To enable the following instructions: SSE4.1 SSE4.2 AVX, in other operations, rebuild TensorFlow with the appropriate compiler flags.
2026-05-18 07:18:08.659001: I tensorflow/core/platform/cpu_feature_guard.cc:182] This TensorFlow binary is optimized to use available CPU instructions in performance-critical operations.
To enable the following instructions: SSE4.1 SSE4.2 AVX, in other operations, rebuild TensorFlow with the appropriate compiler flags.
2026-05-18 07:18:08.668245: I tensorflow/core/platform/cpu_feature_guard.cc:182] This TensorFlow binary is optimized to use available CPU instructions in performance-critical operations.
To enable the following instructions: SSE4.1 SSE4.2 AVX, in other operations, rebuild TensorFlow with the appropriate compiler flags.
2026-05-18 07:18:10.267547: I tensorflow/core/platform/cpu_feature_guard.cc:182] This TensorFlow binary is optimized to use available CPU instructions in performance-critical operations.
To enable the following instructions: SSE4.1 SSE4.2 AVX, in other operations, rebuild TensorFlow with the appropriate compiler flags.
2026-05-18 07:18:11.018494: I tensorflow/core/platform/cpu_feature_guard.cc:182] This TensorFlow binary is optimized to use available CPU instructions in performance-critical operations.
To enable the following instructions: SSE4.1 SSE4.2 AVX, in other operations, rebuild TensorFlow with the appropriate compiler flags.
2026-05-18 07:18:18.752860: I tensorflow/core/common_runtime/process_util.cc:146] Creating new thread pool with default inter op setting: 2. Tune using inter_op_parallelism_threads for best performance.
2026-05-18 07:18:18.781768: I tensorflow/core/distributed_runtime/rpc/grpc_server_lib.cc:450] Started server with target: grpc://hpc02-w009:12348
2026-05-18 07:18:19.013408: I tensorflow/core/common_runtime/process_util.cc:146] Creating new thread pool with default inter op setting: 2. Tune using inter_op_parallelism_threads for best performance.
2026-05-18 07:18:19.041698: I tensorflow/core/distributed_runtime/rpc/grpc_server_lib.cc:450] Started server with target: grpc://hpc02-w012:12351
2026-05-18 07:18:19.140348: I tensorflow/core/common_runtime/process_util.cc:146] Creating new thread pool with default inter op setting: 2. Tune using inter_op_parallelism_threads for best performance.
2026-05-18 07:18:19.161754: I tensorflow/core/distributed_runtime/rpc/grpc_server_lib.cc:450] Started server with target: grpc://hpc02-w008:12347
2026-05-18 07:18:19.332457: I tensorflow/core/common_runtime/process_util.cc:146] Creating new thread pool with default inter op setting: 2. Tune using inter_op_parallelism_threads for best performance.
2026-05-18 07:18:19.346792: I tensorflow/core/common_runtime/process_util.cc:146] Creating new thread pool with default inter op setting: 2. Tune using inter_op_parallelism_threads for best performance.
2026-05-18 07:18:19.361119: I tensorflow/core/distributed_runtime/rpc/grpc_server_lib.cc:450] Started server with target: grpc://hpc02-w007:12346
2026-05-18 07:18:19.375462: I tensorflow/core/distributed_runtime/rpc/grpc_server_lib.cc:450] Started server with target: grpc://hpc02-w010:12349
2026-05-18 07:18:19.507737: I tensorflow/core/common_runtime/process_util.cc:146] Creating new thread pool with default inter op setting: 2. Tune using inter_op_parallelism_threads for best performance.
2026-05-18 07:18:19.528888: I tensorflow/core/distributed_runtime/rpc/grpc_server_lib.cc:450] Started server with target: grpc://hpc02-w013:12352
2026-05-18 07:18:20.499846: I tensorflow/core/common_runtime/process_util.cc:146] Creating new thread pool with default inter op setting: 2. Tune using inter_op_parallelism_threads for best performance.
2026-05-18 07:18:20.529377: I tensorflow/core/distributed_runtime/rpc/grpc_server_lib.cc:450] Started server with target: grpc://hpc02-w006:12345
2026-05-18 07:18:20.573331: I tensorflow/tsl/distributed_runtime/coordination/coordination_service.cc:525] /job:worker/replica:0/task:7 has connected to coordination service. Incarnation: 554777888051759659
2026-05-18 07:18:20.574872: I tensorflow/tsl/distributed_runtime/coordination/coordination_service_agent.cc:298] Coordination agent has successfully connected.
2026-05-18 07:18:20.732315: I tensorflow/tsl/distributed_runtime/coordination/coordination_service.cc:525] /job:worker/replica:0/task:0 has connected to coordination service. Incarnation: 2428455456467979045
2026-05-18 07:18:20.732687: I tensorflow/tsl/distributed_runtime/coordination/coordination_service_agent.cc:298] Coordination agent has successfully connected.
2026-05-18 07:18:20.757620: I tensorflow/tsl/distributed_runtime/coordination/coordination_service.cc:525] /job:worker/replica:0/task:3 has connected to coordination service. Incarnation: 884444169013491726
2026-05-18 07:18:20.758212: I tensorflow/tsl/distributed_runtime/coordination/coordination_service_agent.cc:298] Coordination agent has successfully connected.
2026-05-18 07:18:21.023750: I tensorflow/core/common_runtime/process_util.cc:146] Creating new thread pool with default inter op setting: 2. Tune using inter_op_parallelism_threads for best performance.
2026-05-18 07:18:21.052260: I tensorflow/core/distributed_runtime/rpc/grpc_server_lib.cc:450] Started server with target: grpc://hpc02-w011:12350
2026-05-18 07:18:21.084207: I tensorflow/tsl/distributed_runtime/coordination/coordination_service.cc:525] /job:worker/replica:0/task:5 has connected to coordination service. Incarnation: 9379025596112365532
2026-05-18 07:18:21.085294: I tensorflow/tsl/distributed_runtime/coordination/coordination_service_agent.cc:298] Coordination agent has successfully connected.
2026-05-18 07:18:21.156610: I tensorflow/tsl/distributed_runtime/coordination/coordination_service.cc:525] /job:worker/replica:0/task:6 has connected to coordination service. Incarnation: 8467899271024909578
2026-05-18 07:18:21.157128: I tensorflow/tsl/distributed_runtime/coordination/coordination_service_agent.cc:298] Coordination agent has successfully connected.
2026-05-18 07:18:21.177497: I tensorflow/tsl/distributed_runtime/coordination/coordination_service.cc:525] /job:worker/replica:0/task:2 has connected to coordination service. Incarnation: 8815435282274782344
2026-05-18 07:18:21.177868: I tensorflow/tsl/distributed_runtime/coordination/coordination_service_agent.cc:298] Coordination agent has successfully connected.
2026-05-18 07:18:21.463747: I tensorflow/tsl/distributed_runtime/coordination/coordination_service.cc:525] /job:worker/replica:0/task:4 has connected to coordination service. Incarnation: 13055490691905777139
2026-05-18 07:18:21.464222: I tensorflow/tsl/distributed_runtime/coordination/coordination_service_agent.cc:298] Coordination agent has successfully connected.
2026-05-18 07:18:21.510046: I tensorflow/tsl/distributed_runtime/coordination/coordination_service.cc:525] /job:worker/replica:0/task:1 has connected to coordination service. Incarnation: 4049269027180186222
2026-05-18 07:18:21.510506: I tensorflow/tsl/distributed_runtime/coordination/coordination_service_agent.cc:298] Coordination agent has successfully connected.
2026-05-18 07:19:13.351351: I tensorflow/core/common_runtime/executor.cc:1197] [/device:CPU:0] (DEBUG INFO) Executor start aborting (this does not indicate an error and you can ignore this message): INVALID_ARGUMENT: You must feed a value for placeholder tensor 'Placeholder/_1' with dtype int32 and shape [2320148]
	 [[{{node Placeholder/_1}}]]
2026-05-18 07:19:13.352087: I tensorflow/core/common_runtime/executor.cc:1197] [/device:CPU:0] (DEBUG INFO) Executor start aborting (this does not indicate an error and you can ignore this message): INVALID_ARGUMENT: You must feed a value for placeholder tensor 'Placeholder/_1' with dtype int32 and shape [2320148]
	 [[{{node Placeholder/_1}}]]
2026-05-18 07:19:14.037001: I tensorflow/core/common_runtime/executor.cc:1197] [/device:CPU:0] (DEBUG INFO) Executor start aborting (this does not indicate an error and you can ignore this message): INVALID_ARGUMENT: You must feed a value for placeholder tensor 'Placeholder/_1' with dtype int32 and shape [2320148]
	 [[{{node Placeholder/_1}}]]
2026-05-18 07:19:14.037584: I tensorflow/core/common_runtime/executor.cc:1197] [/device:CPU:0] (DEBUG INFO) Executor start aborting (this does not indicate an error and you can ignore this message): INVALID_ARGUMENT: You must feed a value for placeholder tensor 'Placeholder/_1' with dtype int32 and shape [2320148]
	 [[{{node Placeholder/_1}}]]
2026-05-18 07:19:15.117233: I tensorflow/core/common_runtime/executor.cc:1197] [/device:CPU:0] (DEBUG INFO) Executor start aborting (this does not indicate an error and you can ignore this message): INVALID_ARGUMENT: You must feed a value for placeholder tensor 'Placeholder/_1' with dtype int32 and shape [2320148]
	 [[{{node Placeholder/_1}}]]
2026-05-18 07:19:15.117954: I tensorflow/core/common_runtime/executor.cc:1197] [/device:CPU:0] (DEBUG INFO) Executor start aborting (this does not indicate an error and you can ignore this message): INVALID_ARGUMENT: You must feed a value for placeholder tensor 'Placeholder/_1' with dtype int32 and shape [2320148]
	 [[{{node Placeholder/_1}}]]
2026-05-18 07:19:15.289564: I tensorflow/core/common_runtime/executor.cc:1197] [/device:CPU:0] (DEBUG INFO) Executor start aborting (this does not indicate an error and you can ignore this message): INVALID_ARGUMENT: You must feed a value for placeholder tensor 'Placeholder/_1' with dtype int32 and shape [2320148]
	 [[{{node Placeholder/_1}}]]
2026-05-18 07:19:15.290311: I tensorflow/core/common_runtime/executor.cc:1197] [/device:CPU:0] (DEBUG INFO) Executor start aborting (this does not indicate an error and you can ignore this message): INVALID_ARGUMENT: You must feed a value for placeholder tensor 'Placeholder/_1' with dtype int32 and shape [2320148]
	 [[{{node Placeholder/_1}}]]
2026-05-18 07:19:15.313088: I tensorflow/core/common_runtime/executor.cc:1197] [/device:CPU:0] (DEBUG INFO) Executor start aborting (this does not indicate an error and you can ignore this message): INVALID_ARGUMENT: You must feed a value for placeholder tensor 'Placeholder/_1' with dtype int32 and shape [2320148]
	 [[{{node Placeholder/_1}}]]
2026-05-18 07:19:15.313722: I tensorflow/core/common_runtime/executor.cc:1197] [/device:CPU:0] (DEBUG INFO) Executor start aborting (this does not indicate an error and you can ignore this message): INVALID_ARGUMENT: You must feed a value for placeholder tensor 'Placeholder/_1' with dtype int32 and shape [2320148]
	 [[{{node Placeholder/_1}}]]
2026-05-18 07:19:15.376640: I tensorflow/core/common_runtime/executor.cc:1197] [/device:CPU:0] (DEBUG INFO) Executor start aborting (this does not indicate an error and you can ignore this message): INVALID_ARGUMENT: You must feed a value for placeholder tensor 'Placeholder/_0' with dtype string and shape [2320148]
	 [[{{node Placeholder/_0}}]]
2026-05-18 07:19:15.377413: I tensorflow/core/common_runtime/executor.cc:1197] [/device:CPU:0] (DEBUG INFO) Executor start aborting (this does not indicate an error and you can ignore this message): INVALID_ARGUMENT: You must feed a value for placeholder tensor 'Placeholder/_1' with dtype int32 and shape [2320148]
	 [[{{node Placeholder/_1}}]]
2026-05-18 07:19:16.571364: I tensorflow/core/common_runtime/executor.cc:1197] [/device:CPU:0] (DEBUG INFO) Executor start aborting (this does not indicate an error and you can ignore this message): INVALID_ARGUMENT: You must feed a value for placeholder tensor 'Placeholder/_0' with dtype string and shape [2320148]
	 [[{{node Placeholder/_0}}]]
2026-05-18 07:19:16.572328: I tensorflow/core/common_runtime/executor.cc:1197] [/device:CPU:0] (DEBUG INFO) Executor start aborting (this does not indicate an error and you can ignore this message): INVALID_ARGUMENT: You must feed a value for placeholder tensor 'Placeholder/_1' with dtype int32 and shape [2320148]
	 [[{{node Placeholder/_1}}]]
2026-05-18 07:19:16.709919: I tensorflow/core/common_runtime/executor.cc:1197] [/device:CPU:0] (DEBUG INFO) Executor start aborting (this does not indicate an error and you can ignore this message): INVALID_ARGUMENT: You must feed a value for placeholder tensor 'Placeholder/_1' with dtype int32 and shape [2320148]
	 [[{{node Placeholder/_1}}]]
2026-05-18 07:19:16.710662: I tensorflow/core/common_runtime/executor.cc:1197] [/device:CPU:0] (DEBUG INFO) Executor start aborting (this does not indicate an error and you can ignore this message): INVALID_ARGUMENT: You must feed a value for placeholder tensor 'Placeholder/_1' with dtype int32 and shape [2320148]
	 [[{{node Placeholder/_1}}]]
2026-05-18 07:20:17.647411: I tensorflow/core/common_runtime/executor.cc:1197] [/device:CPU:0] (DEBUG INFO) Executor start aborting (this does not indicate an error and you can ignore this message): INVALID_ARGUMENT: You must feed a value for placeholder tensor 'Placeholder/_14' with dtype string
	 [[{{node Placeholder/_14}}]]
2026-05-18 07:20:17.648363: I tensorflow/core/common_runtime/executor.cc:1197] [/device:CPU:0] (DEBUG INFO) Executor start aborting (this does not indicate an error and you can ignore this message): INVALID_ARGUMENT: You must feed a value for placeholder tensor 'Placeholder/_13' with dtype int64
	 [[{{node Placeholder/_13}}]]
2026-05-18 07:20:17.649711: I tensorflow/core/common_runtime/executor.cc:1197] [/device:CPU:0] (DEBUG INFO) Executor start aborting (this does not indicate an error and you can ignore this message): INVALID_ARGUMENT: You must feed a value for placeholder tensor 'Placeholder/_1' with dtype int32 and shape [2320148]
	 [[{{node Placeholder/_1}}]]
2026-05-18 07:20:17.650616: I tensorflow/core/common_runtime/executor.cc:1197] [/device:CPU:0] (DEBUG INFO) Executor start aborting (this does not indicate an error and you can ignore this message): INVALID_ARGUMENT: You must feed a value for placeholder tensor 'Placeholder/_1' with dtype int32 and shape [2320148]
	 [[{{node Placeholder/_1}}]]
2026-05-18 07:20:17.652073: I tensorflow/core/common_runtime/executor.cc:1197] [/device:CPU:0] (DEBUG INFO) Executor start aborting (this does not indicate an error and you can ignore this message): INVALID_ARGUMENT: You must feed a value for placeholder tensor 'Placeholder/_15' with dtype int64
	 [[{{node Placeholder/_15}}]]
2026-05-18 07:20:17.653093: I tensorflow/core/common_runtime/executor.cc:1197] [/device:CPU:0] (DEBUG INFO) Executor start aborting (this does not indicate an error and you can ignore this message): INVALID_ARGUMENT: You must feed a value for placeholder tensor 'Placeholder/_1' with dtype int32 and shape [2320148]
	 [[{{node Placeholder/_1}}]]
2026-05-18 07:20:17.655606: I tensorflow/core/common_runtime/executor.cc:1197] [/device:CPU:0] (DEBUG INFO) Executor start aborting (this does not indicate an error and you can ignore this message): INVALID_ARGUMENT: You must feed a value for placeholder tensor 'Placeholder/_13' with dtype int64
	 [[{{node Placeholder/_13}}]]
2026-05-18 07:20:17.656524: I tensorflow/core/common_runtime/executor.cc:1197] [/device:CPU:0] (DEBUG INFO) Executor start aborting (this does not indicate an error and you can ignore this message): INVALID_ARGUMENT: You must feed a value for placeholder tensor 'Placeholder/_14' with dtype string
	 [[{{node Placeholder/_14}}]]
2026-05-18 07:20:17.656677: I tensorflow/core/common_runtime/executor.cc:1197] [/device:CPU:0] (DEBUG INFO) Executor start aborting (this does not indicate an error and you can ignore this message): INVALID_ARGUMENT: You must feed a value for placeholder tensor 'Placeholder/_15' with dtype int64
	 [[{{node Placeholder/_15}}]]
2026-05-18 07:20:17.657760: I tensorflow/core/common_runtime/executor.cc:1197] [/device:CPU:0] (DEBUG INFO) Executor start aborting (this does not indicate an error and you can ignore this message): INVALID_ARGUMENT: You must feed a value for placeholder tensor 'Placeholder/_15' with dtype int64
	 [[{{node Placeholder/_15}}]]
2026-05-18 07:20:17.658615: I tensorflow/core/common_runtime/executor.cc:1197] [/device:CPU:0] (DEBUG INFO) Executor start aborting (this does not indicate an error and you can ignore this message): INVALID_ARGUMENT: You must feed a value for placeholder tensor 'Placeholder/_12' with dtype resource
	 [[{{node Placeholder/_12}}]]
2026-05-18 07:20:17.658703: I tensorflow/core/common_runtime/executor.cc:1197] [/device:CPU:0] (DEBUG INFO) Executor start aborting (this does not indicate an error and you can ignore this message): INVALID_ARGUMENT: You must feed a value for placeholder tensor 'Placeholder/_0' with dtype string and shape [2320148]
	 [[{{node Placeholder/_0}}]]
2026-05-18 07:20:17.659827: I tensorflow/core/common_runtime/executor.cc:1197] [/device:CPU:0] (DEBUG INFO) Executor start aborting (this does not indicate an error and you can ignore this message): INVALID_ARGUMENT: You must feed a value for placeholder tensor 'Placeholder/_12' with dtype resource
	 [[{{node Placeholder/_12}}]]
2026-05-18 07:20:17.659889: I tensorflow/core/common_runtime/executor.cc:1197] [/device:CPU:0] (DEBUG INFO) Executor start aborting (this does not indicate an error and you can ignore this message): INVALID_ARGUMENT: You must feed a value for placeholder tensor 'Placeholder/_15' with dtype int64
	 [[{{node Placeholder/_15}}]]
2026-05-18 07:20:17.665807: I tensorflow/core/common_runtime/executor.cc:1197] [/device:CPU:0] (DEBUG INFO) Executor start aborting (this does not indicate an error and you can ignore this message): INVALID_ARGUMENT: You must feed a value for placeholder tensor 'Placeholder/_12' with dtype resource
	 [[{{node Placeholder/_12}}]]
2026-05-18 07:20:17.666899: I tensorflow/core/common_runtime/executor.cc:1197] [/device:CPU:0] (DEBUG INFO) Executor start aborting (this does not indicate an error and you can ignore this message): INVALID_ARGUMENT: You must feed a value for placeholder tensor 'Placeholder/_0' with dtype string and shape [2320148]
	 [[{{node Placeholder/_0}}]]
2026-05-18 07:20:17.706936: I tensorflow/core/common_runtime/executor.cc:1197] [/device:CPU:0] (DEBUG INFO) Executor start aborting (this does not indicate an error and you can ignore this message): INVALID_ARGUMENT: You must feed a value for placeholder tensor 'Placeholder/_1' with dtype int32 and shape [2320148]
	 [[{{node Placeholder/_1}}]]
2026-05-18 07:20:17.707980: I tensorflow/core/common_runtime/executor.cc:1197] [/device:CPU:0] (DEBUG INFO) Executor start aborting (this does not indicate an error and you can ignore this message): INVALID_ARGUMENT: You must feed a value for placeholder tensor 'Placeholder/_0' with dtype string and shape [2320148]
	 [[{{node Placeholder/_0}}]]
2026-05-18 07:20:17.715385: I tensorflow/core/common_runtime/executor.cc:1197] [/device:CPU:0] (DEBUG INFO) Executor start aborting (this does not indicate an error and you can ignore this message): INVALID_ARGUMENT: You must feed a value for placeholder tensor 'Placeholder/_0' with dtype string and shape [2320148]
	 [[{{node Placeholder/_0}}]]
2026-05-18 07:20:17.715534: I tensorflow/core/common_runtime/executor.cc:1197] [/device:CPU:0] (DEBUG INFO) Executor start aborting (this does not indicate an error and you can ignore this message): INVALID_ARGUMENT: You must feed a value for placeholder tensor 'Placeholder/_0' with dtype string and shape [2320148]
	 [[{{node Placeholder/_0}}]]
2026-05-18 07:20:17.716457: I tensorflow/core/common_runtime/executor.cc:1197] [/device:CPU:0] (DEBUG INFO) Executor start aborting (this does not indicate an error and you can ignore this message): INVALID_ARGUMENT: You must feed a value for placeholder tensor 'Placeholder/_1' with dtype int32 and shape [2320148]
	 [[{{node Placeholder/_1}}]]
2026-05-18 07:20:17.716496: I tensorflow/core/common_runtime/executor.cc:1197] [/device:CPU:0] (DEBUG INFO) Executor start aborting (this does not indicate an error and you can ignore this message): INVALID_ARGUMENT: You must feed a value for placeholder tensor 'Placeholder/_13' with dtype int64
	 [[{{node Placeholder/_13}}]]
2026-05-18 07:20:17.725307: I tensorflow/core/common_runtime/executor.cc:1197] [/device:CPU:0] (DEBUG INFO) Executor start aborting (this does not indicate an error and you can ignore this message): INVALID_ARGUMENT: You must feed a value for placeholder tensor 'Placeholder/_15' with dtype int64
	 [[{{node Placeholder/_15}}]]
2026-05-18 07:20:17.725702: I tensorflow/core/common_runtime/executor.cc:1197] [/device:CPU:0] (DEBUG INFO) Executor start aborting (this does not indicate an error and you can ignore this message): INVALID_ARGUMENT: You must feed a value for placeholder tensor 'Placeholder/_12' with dtype resource
	 [[{{node Placeholder/_12}}]]
2026-05-18 07:20:17.726727: I tensorflow/core/common_runtime/executor.cc:1197] [/device:CPU:0] (DEBUG INFO) Executor start aborting (this does not indicate an error and you can ignore this message): INVALID_ARGUMENT: You must feed a value for placeholder tensor 'Placeholder/_15' with dtype int64
	 [[{{node Placeholder/_15}}]]
2026-05-18 07:20:17.726852: I tensorflow/core/common_runtime/executor.cc:1197] [/device:CPU:0] (DEBUG INFO) Executor start aborting (this does not indicate an error and you can ignore this message): INVALID_ARGUMENT: You must feed a value for placeholder tensor 'Placeholder/_12' with dtype resource
	 [[{{node Placeholder/_12}}]]
2026-05-18 07:20:17.728920: I tensorflow/core/common_runtime/executor.cc:1197] [/device:CPU:0] (DEBUG INFO) Executor start aborting (this does not indicate an error and you can ignore this message): INVALID_ARGUMENT: You must feed a value for placeholder tensor 'Placeholder/_15' with dtype int64
	 [[{{node Placeholder/_15}}]]
2026-05-18 07:20:17.729663: I tensorflow/core/common_runtime/executor.cc:1197] [/device:CPU:0] (DEBUG INFO) Executor start aborting (this does not indicate an error and you can ignore this message): INVALID_ARGUMENT: You must feed a value for placeholder tensor 'Placeholder/_1' with dtype int32 and shape [2320148]
	 [[{{node Placeholder/_1}}]]
2026-05-18 07:20:17.730101: I tensorflow/core/common_runtime/executor.cc:1197] [/device:CPU:0] (DEBUG INFO) Executor start aborting (this does not indicate an error and you can ignore this message): INVALID_ARGUMENT: You must feed a value for placeholder tensor 'Placeholder/_13' with dtype int64
	 [[{{node Placeholder/_13}}]]
2026-05-18 07:20:17.730768: I tensorflow/core/common_runtime/executor.cc:1197] [/device:CPU:0] (DEBUG INFO) Executor start aborting (this does not indicate an error and you can ignore this message): INVALID_ARGUMENT: You must feed a value for placeholder tensor 'Placeholder/_12' with dtype resource
	 [[{{node Placeholder/_12}}]]
2026-05-18 07:20:17.737142: I tensorflow/core/common_runtime/executor.cc:1197] [/device:CPU:0] (DEBUG INFO) Executor start aborting (this does not indicate an error and you can ignore this message): INVALID_ARGUMENT: You must feed a value for placeholder tensor 'Placeholder/_0' with dtype string and shape [2320148]
	 [[{{node Placeholder/_0}}]]
2026-05-18 07:20:17.738207: I tensorflow/core/common_runtime/executor.cc:1197] [/device:CPU:0] (DEBUG INFO) Executor start aborting (this does not indicate an error and you can ignore this message): INVALID_ARGUMENT: You must feed a value for placeholder tensor 'Placeholder/_12' with dtype resource
	 [[{{node Placeholder/_12}}]]
2026-05-18 07:20:17.829846: W tensorflow/core/framework/dataset.cc:807] Input of GeneratorDatasetOp::Dataset will not be optimized because the dataset does not implement the AsGraphDefInternal() method needed to apply optimizations.
2026-05-18 07:20:17.830470: I tensorflow/core/common_runtime/executor.cc:1197] [/device:CPU:0] (DEBUG INFO) Executor start aborting (this does not indicate an error and you can ignore this message): INVALID_ARGUMENT: You must feed a value for placeholder tensor 'Placeholder/_0' with dtype variant
	 [[{{node Placeholder/_0}}]]
2026-05-18 07:20:17.834955: W tensorflow/core/framework/dataset.cc:807] Input of GeneratorDatasetOp::Dataset will not be optimized because the dataset does not implement the AsGraphDefInternal() method needed to apply optimizations.
2026-05-18 07:20:17.835505: I tensorflow/core/common_runtime/executor.cc:1197] [/device:CPU:0] (DEBUG INFO) Executor start aborting (this does not indicate an error and you can ignore this message): INVALID_ARGUMENT: You must feed a value for placeholder tensor 'Placeholder/_0' with dtype variant
	 [[{{node Placeholder/_0}}]]
2026-05-18 07:20:17.847877: W tensorflow/core/framework/dataset.cc:807] Input of GeneratorDatasetOp::Dataset will not be optimized because the dataset does not implement the AsGraphDefInternal() method needed to apply optimizations.
2026-05-18 07:20:17.848806: I tensorflow/core/common_runtime/executor.cc:1197] [/device:CPU:0] (DEBUG INFO) Executor start aborting (this does not indicate an error and you can ignore this message): INVALID_ARGUMENT: You must feed a value for placeholder tensor 'Placeholder/_0' with dtype variant
	 [[{{node Placeholder/_0}}]]
2026-05-18 07:20:17.867626: W tensorflow/core/framework/dataset.cc:807] Input of GeneratorDatasetOp::Dataset will not be optimized because the dataset does not implement the AsGraphDefInternal() method needed to apply optimizations.
2026-05-18 07:20:17.868356: I tensorflow/core/common_runtime/executor.cc:1197] [/device:CPU:0] (DEBUG INFO) Executor start aborting (this does not indicate an error and you can ignore this message): INVALID_ARGUMENT: You must feed a value for placeholder tensor 'Placeholder/_0' with dtype variant
	 [[{{node Placeholder/_0}}]]
2026-05-18 07:20:17.869882: W tensorflow/core/framework/dataset.cc:807] Input of GeneratorDatasetOp::Dataset will not be optimized because the dataset does not implement the AsGraphDefInternal() method needed to apply optimizations.
2026-05-18 07:20:17.870467: W tensorflow/core/framework/dataset.cc:807] Input of GeneratorDatasetOp::Dataset will not be optimized because the dataset does not implement the AsGraphDefInternal() method needed to apply optimizations.
2026-05-18 07:20:17.870593: I tensorflow/core/common_runtime/executor.cc:1197] [/device:CPU:0] (DEBUG INFO) Executor start aborting (this does not indicate an error and you can ignore this message): INVALID_ARGUMENT: You must feed a value for placeholder tensor 'Placeholder/_0' with dtype variant
	 [[{{node Placeholder/_0}}]]
2026-05-18 07:20:17.871132: I tensorflow/core/common_runtime/executor.cc:1197] [/device:CPU:0] (DEBUG INFO) Executor start aborting (this does not indicate an error and you can ignore this message): INVALID_ARGUMENT: You must feed a value for placeholder tensor 'Placeholder/_0' with dtype variant
	 [[{{node Placeholder/_0}}]]
2026-05-18 07:20:17.873816: I tensorflow/core/common_runtime/executor.cc:1197] [/device:CPU:0] (DEBUG INFO) Executor start aborting (this does not indicate an error and you can ignore this message): INVALID_ARGUMENT: You must feed a value for placeholder tensor 'Placeholder/_0' with dtype string and shape [2320148]
	 [[{{node Placeholder/_0}}]]
2026-05-18 07:20:17.874741: I tensorflow/core/common_runtime/executor.cc:1197] [/device:CPU:0] (DEBUG INFO) Executor start aborting (this does not indicate an error and you can ignore this message): INVALID_ARGUMENT: You must feed a value for placeholder tensor 'Placeholder/_0' with dtype string and shape [2320148]
	 [[{{node Placeholder/_0}}]]
2026-05-18 07:20:17.878497: I tensorflow/core/common_runtime/executor.cc:1197] [/device:CPU:0] (DEBUG INFO) Executor start aborting (this does not indicate an error and you can ignore this message): INVALID_ARGUMENT: You must feed a value for placeholder tensor 'Placeholder/_13' with dtype int64
	 [[{{node Placeholder/_13}}]]
2026-05-18 07:20:17.879293: I tensorflow/core/common_runtime/executor.cc:1197] [/device:CPU:0] (DEBUG INFO) Executor start aborting (this does not indicate an error and you can ignore this message): INVALID_ARGUMENT: You must feed a value for placeholder tensor 'Placeholder/_14' with dtype string
	 [[{{node Placeholder/_14}}]]
2026-05-18 07:20:17.885503: W tensorflow/core/framework/dataset.cc:807] Input of GeneratorDatasetOp::Dataset will not be optimized because the dataset does not implement the AsGraphDefInternal() method needed to apply optimizations.
2026-05-18 07:20:17.886223: I tensorflow/core/common_runtime/executor.cc:1197] [/device:CPU:0] (DEBUG INFO) Executor start aborting (this does not indicate an error and you can ignore this message): INVALID_ARGUMENT: You must feed a value for placeholder tensor 'Placeholder/_0' with dtype variant
	 [[{{node Placeholder/_0}}]]
2026-05-18 07:20:17.890654: W tensorflow/core/framework/dataset.cc:807] Input of GeneratorDatasetOp::Dataset will not be optimized because the dataset does not implement the AsGraphDefInternal() method needed to apply optimizations.
2026-05-18 07:20:17.891415: I tensorflow/core/common_runtime/executor.cc:1197] [/device:CPU:0] (DEBUG INFO) Executor start aborting (this does not indicate an error and you can ignore this message): INVALID_ARGUMENT: You must feed a value for placeholder tensor 'Placeholder/_0' with dtype variant
	 [[{{node Placeholder/_0}}]]
2026-05-18 07:20:17.901349: I tensorflow/core/common_runtime/executor.cc:1197] [/device:CPU:0] (DEBUG INFO) Executor start aborting (this does not indicate an error and you can ignore this message): INVALID_ARGUMENT: You must feed a value for placeholder tensor 'Placeholder/_15' with dtype int64
	 [[{{node Placeholder/_15}}]]
2026-05-18 07:20:17.902369: I tensorflow/core/common_runtime/executor.cc:1197] [/device:CPU:0] (DEBUG INFO) Executor start aborting (this does not indicate an error and you can ignore this message): INVALID_ARGUMENT: You must feed a value for placeholder tensor 'Placeholder/_1' with dtype int32 and shape [2320148]
	 [[{{node Placeholder/_1}}]]
2026-05-18 07:20:17.921887: I tensorflow/core/common_runtime/executor.cc:1197] [/device:CPU:0] (DEBUG INFO) Executor start aborting (this does not indicate an error and you can ignore this message): INVALID_ARGUMENT: You must feed a value for placeholder tensor 'Placeholder/_1' with dtype int32 and shape [2320148]
	 [[{{node Placeholder/_1}}]]
2026-05-18 07:20:17.923101: I tensorflow/core/common_runtime/executor.cc:1197] [/device:CPU:0] (DEBUG INFO) Executor start aborting (this does not indicate an error and you can ignore this message): INVALID_ARGUMENT: You must feed a value for placeholder tensor 'Placeholder/_12' with dtype resource
	 [[{{node Placeholder/_12}}]]
2026-05-18 07:20:17.926703: I tensorflow/core/common_runtime/executor.cc:1197] [/device:CPU:0] (DEBUG INFO) Executor start aborting (this does not indicate an error and you can ignore this message): INVALID_ARGUMENT: You must feed a value for placeholder tensor 'Placeholder/_0' with dtype string and shape [2320148]
	 [[{{node Placeholder/_0}}]]
2026-05-18 07:20:17.927661: I tensorflow/core/common_runtime/executor.cc:1197] [/device:CPU:0] (DEBUG INFO) Executor start aborting (this does not indicate an error and you can ignore this message): INVALID_ARGUMENT: You must feed a value for placeholder tensor 'Placeholder/_1' with dtype int32 and shape [2320148]
	 [[{{node Placeholder/_1}}]]
2026-05-18 07:20:17.927967: I tensorflow/core/common_runtime/executor.cc:1197] [/device:CPU:0] (DEBUG INFO) Executor start aborting (this does not indicate an error and you can ignore this message): INVALID_ARGUMENT: You must feed a value for placeholder tensor 'Placeholder/_13' with dtype int64
	 [[{{node Placeholder/_13}}]]
2026-05-18 07:20:17.928957: I tensorflow/core/common_runtime/executor.cc:1197] [/device:CPU:0] (DEBUG INFO) Executor start aborting (this does not indicate an error and you can ignore this message): INVALID_ARGUMENT: You must feed a value for placeholder tensor 'Placeholder/_15' with dtype int64
	 [[{{node Placeholder/_15}}]]
2026-05-18 07:20:17.941475: I tensorflow/core/common_runtime/executor.cc:1197] [/device:CPU:0] (DEBUG INFO) Executor start aborting (this does not indicate an error and you can ignore this message): INVALID_ARGUMENT: You must feed a value for placeholder tensor 'Placeholder/_12' with dtype resource
	 [[{{node Placeholder/_12}}]]
2026-05-18 07:20:17.942591: I tensorflow/core/common_runtime/executor.cc:1197] [/device:CPU:0] (DEBUG INFO) Executor start aborting (this does not indicate an error and you can ignore this message): INVALID_ARGUMENT: You must feed a value for placeholder tensor 'Placeholder/_0' with dtype string and shape [2320148]
	 [[{{node Placeholder/_0}}]]
2026-05-18 07:20:17.971872: I tensorflow/core/common_runtime/executor.cc:1197] [/device:CPU:0] (DEBUG INFO) Executor start aborting (this does not indicate an error and you can ignore this message): INVALID_ARGUMENT: You must feed a value for placeholder tensor 'Placeholder/_13' with dtype int64
	 [[{{node Placeholder/_13}}]]
2026-05-18 07:20:17.973513: I tensorflow/core/common_runtime/executor.cc:1197] [/device:CPU:0] (DEBUG INFO) Executor start aborting (this does not indicate an error and you can ignore this message): INVALID_ARGUMENT: You must feed a value for placeholder tensor 'Placeholder/_1' with dtype int32 and shape [2320148]
	 [[{{node Placeholder/_1}}]]
2026-05-18 07:20:17.979421: I tensorflow/core/common_runtime/executor.cc:1197] [/device:CPU:0] (DEBUG INFO) Executor start aborting (this does not indicate an error and you can ignore this message): INVALID_ARGUMENT: You must feed a value for placeholder tensor 'Placeholder/_0' with dtype variant
	 [[{{node Placeholder/_0}}]]
2026-05-18 07:20:18.015674: I tensorflow/core/common_runtime/executor.cc:1197] [/device:CPU:0] (DEBUG INFO) Executor start aborting (this does not indicate an error and you can ignore this message): INVALID_ARGUMENT: You must feed a value for placeholder tensor 'Placeholder/_0' with dtype variant
	 [[{{node Placeholder/_0}}]]
2026-05-18 07:20:18.021087: I tensorflow/core/common_runtime/executor.cc:1197] [/device:CPU:0] (DEBUG INFO) Executor start aborting (this does not indicate an error and you can ignore this message): INVALID_ARGUMENT: You must feed a value for placeholder tensor 'Placeholder/_0' with dtype variant
	 [[{{node Placeholder/_0}}]]
2026-05-18 07:20:18.043453: I tensorflow/core/common_runtime/executor.cc:1197] [/device:CPU:0] (DEBUG INFO) Executor start aborting (this does not indicate an error and you can ignore this message): INVALID_ARGUMENT: You must feed a value for placeholder tensor 'Placeholder/_0' with dtype variant
	 [[{{node Placeholder/_0}}]]
2026-05-18 07:20:18.056617: I tensorflow/core/common_runtime/executor.cc:1197] [/device:CPU:0] (DEBUG INFO) Executor start aborting (this does not indicate an error and you can ignore this message): INVALID_ARGUMENT: You must feed a value for placeholder tensor 'Placeholder/_0' with dtype variant
	 [[{{node Placeholder/_0}}]]
2026-05-18 07:20:18.057807: I tensorflow/core/common_runtime/executor.cc:1197] [/device:CPU:0] (DEBUG INFO) Executor start aborting (this does not indicate an error and you can ignore this message): INVALID_ARGUMENT: You must feed a value for placeholder tensor 'Placeholder/_0' with dtype variant
	 [[{{node Placeholder/_0}}]]
2026-05-18 07:20:18.076075: I tensorflow/core/common_runtime/executor.cc:1197] [/device:CPU:0] (DEBUG INFO) Executor start aborting (this does not indicate an error and you can ignore this message): INVALID_ARGUMENT: You must feed a value for placeholder tensor 'Placeholder/_0' with dtype variant
	 [[{{node Placeholder/_0}}]]
2026-05-18 07:20:18.124781: I tensorflow/core/common_runtime/executor.cc:1197] [/device:CPU:0] (DEBUG INFO) Executor start aborting (this does not indicate an error and you can ignore this message): INVALID_ARGUMENT: You must feed a value for placeholder tensor 'Placeholder/_0' with dtype variant
	 [[{{node Placeholder/_0}}]]
2026-05-18 07:20:23.902240: I tensorflow/core/common_runtime/executor.cc:1197] [/device:CPU:0] (DEBUG INFO) Executor start aborting (this does not indicate an error and you can ignore this message): INVALID_ARGUMENT: You must feed a value for placeholder tensor 'gradients/ReverseV2_grad/ReverseV2/ReverseV2/axis' with dtype int32 and shape [1]
	 [[{{node gradients/ReverseV2_grad/ReverseV2/ReverseV2/axis}}]]
2026-05-18 07:20:24.011096: I tensorflow/core/common_runtime/executor.cc:1197] [/device:CPU:0] (DEBUG INFO) Executor start aborting (this does not indicate an error and you can ignore this message): INVALID_ARGUMENT: You must feed a value for placeholder tensor 'gradients/ReverseV2_grad/ReverseV2/ReverseV2/axis' with dtype int32 and shape [1]
	 [[{{node gradients/ReverseV2_grad/ReverseV2/ReverseV2/axis}}]]
2026-05-18 07:20:24.028436: I tensorflow/core/common_runtime/executor.cc:1197] [/device:CPU:0] (DEBUG INFO) Executor start aborting (this does not indicate an error and you can ignore this message): INVALID_ARGUMENT: You must feed a value for placeholder tensor 'gradients/ReverseV2_grad/ReverseV2/ReverseV2/axis' with dtype int32 and shape [1]
	 [[{{node gradients/ReverseV2_grad/ReverseV2/ReverseV2/axis}}]]
2026-05-18 07:20:24.062810: I tensorflow/core/common_runtime/executor.cc:1197] [/device:CPU:0] (DEBUG INFO) Executor start aborting (this does not indicate an error and you can ignore this message): INVALID_ARGUMENT: You must feed a value for placeholder tensor 'gradients/ReverseV2_grad/ReverseV2/ReverseV2/axis' with dtype int32 and shape [1]
	 [[{{node gradients/ReverseV2_grad/ReverseV2/ReverseV2/axis}}]]
2026-05-18 07:20:24.086368: I tensorflow/core/common_runtime/executor.cc:1197] [/device:CPU:0] (DEBUG INFO) Executor start aborting (this does not indicate an error and you can ignore this message): INVALID_ARGUMENT: You must feed a value for placeholder tensor 'gradients/ReverseV2_grad/ReverseV2/ReverseV2/axis' with dtype int32 and shape [1]
	 [[{{node gradients/ReverseV2_grad/ReverseV2/ReverseV2/axis}}]]
2026-05-18 07:20:24.091499: I tensorflow/core/common_runtime/executor.cc:1197] [/device:CPU:0] (DEBUG INFO) Executor start aborting (this does not indicate an error and you can ignore this message): INVALID_ARGUMENT: You must feed a value for placeholder tensor 'gradients/ReverseV2_grad/ReverseV2/ReverseV2/axis' with dtype int32 and shape [1]
	 [[{{node gradients/ReverseV2_grad/ReverseV2/ReverseV2/axis}}]]
2026-05-18 07:20:24.256477: I tensorflow/core/common_runtime/executor.cc:1197] [/device:CPU:0] (DEBUG INFO) Executor start aborting (this does not indicate an error and you can ignore this message): INVALID_ARGUMENT: You must feed a value for placeholder tensor 'gradients/ReverseV2_grad/ReverseV2/ReverseV2/axis' with dtype int32 and shape [1]
	 [[{{node gradients/ReverseV2_grad/ReverseV2/ReverseV2/axis}}]]
2026-05-18 07:20:24.678447: I tensorflow/core/common_runtime/executor.cc:1197] [/device:CPU:0] (DEBUG INFO) Executor start aborting (this does not indicate an error and you can ignore this message): INVALID_ARGUMENT: You must feed a value for placeholder tensor 'gradients/ReverseV2_grad/ReverseV2/ReverseV2/axis' with dtype int32 and shape [1]
	 [[{{node gradients/ReverseV2_grad/ReverseV2/ReverseV2/axis}}]]
2026-05-18 07:20:24.759924: I tensorflow/core/common_runtime/executor.cc:1197] [/device:CPU:0] (DEBUG INFO) Executor start aborting (this does not indicate an error and you can ignore this message): INVALID_ARGUMENT: You must feed a value for placeholder tensor 'gradients/ReverseV2_grad/ReverseV2/ReverseV2/axis' with dtype int32 and shape [1]
	 [[{{node gradients/ReverseV2_grad/ReverseV2/ReverseV2/axis}}]]
2026-05-18 07:20:24.940889: I tensorflow/core/common_runtime/executor.cc:1197] [/device:CPU:0] (DEBUG INFO) Executor start aborting (this does not indicate an error and you can ignore this message): INVALID_ARGUMENT: You must feed a value for placeholder tensor 'gradients/ReverseV2_grad/ReverseV2/ReverseV2/axis' with dtype int32 and shape [1]
	 [[{{node gradients/ReverseV2_grad/ReverseV2/ReverseV2/axis}}]]
2026-05-18 07:20:24.947456: I tensorflow/core/common_runtime/executor.cc:1197] [/device:CPU:0] (DEBUG INFO) Executor start aborting (this does not indicate an error and you can ignore this message): INVALID_ARGUMENT: You must feed a value for placeholder tensor 'gradients/ReverseV2_grad/ReverseV2/ReverseV2/axis' with dtype int32 and shape [1]
	 [[{{node gradients/ReverseV2_grad/ReverseV2/ReverseV2/axis}}]]
2026-05-18 07:20:24.947927: I tensorflow/core/common_runtime/executor.cc:1197] [/device:CPU:0] (DEBUG INFO) Executor start aborting (this does not indicate an error and you can ignore this message): INVALID_ARGUMENT: You must feed a value for placeholder tensor 'gradients/ReverseV2_grad/ReverseV2/ReverseV2/axis' with dtype int32 and shape [1]
	 [[{{node gradients/ReverseV2_grad/ReverseV2/ReverseV2/axis}}]]
2026-05-18 07:20:24.963056: I tensorflow/core/common_runtime/executor.cc:1197] [/device:CPU:0] (DEBUG INFO) Executor start aborting (this does not indicate an error and you can ignore this message): INVALID_ARGUMENT: You must feed a value for placeholder tensor 'gradients/ReverseV2_grad/ReverseV2/ReverseV2/axis' with dtype int32 and shape [1]
	 [[{{node gradients/ReverseV2_grad/ReverseV2/ReverseV2/axis}}]]
2026-05-18 07:20:24.972146: I tensorflow/core/common_runtime/executor.cc:1197] [/device:CPU:0] (DEBUG INFO) Executor start aborting (this does not indicate an error and you can ignore this message): INVALID_ARGUMENT: You must feed a value for placeholder tensor 'gradients/ReverseV2_grad/ReverseV2/ReverseV2/axis' with dtype int32 and shape [1]
	 [[{{node gradients/ReverseV2_grad/ReverseV2/ReverseV2/axis}}]]
2026-05-18 07:20:25.124443: I tensorflow/core/common_runtime/executor.cc:1197] [/device:CPU:0] (DEBUG INFO) Executor start aborting (this does not indicate an error and you can ignore this message): INVALID_ARGUMENT: You must feed a value for placeholder tensor 'gradients/ReverseV2_grad/ReverseV2/ReverseV2/axis' with dtype int32 and shape [1]
	 [[{{node gradients/ReverseV2_grad/ReverseV2/ReverseV2/axis}}]]
2026-05-18 07:20:25.601298: I tensorflow/core/common_runtime/executor.cc:1197] [/device:CPU:0] (DEBUG INFO) Executor start aborting (this does not indicate an error and you can ignore this message): INVALID_ARGUMENT: You must feed a value for placeholder tensor 'gradients/ReverseV2_grad/ReverseV2/ReverseV2/axis' with dtype int32 and shape [1]
	 [[{{node gradients/ReverseV2_grad/ReverseV2/ReverseV2/axis}}]]
2026-05-18 07:20:34.122189: I tensorflow/core/common_runtime/executor.cc:1197] [/device:CPU:0] (DEBUG INFO) Executor start aborting (this does not indicate an error and you can ignore this message): INVALID_ARGUMENT: You must feed a value for placeholder tensor 'gradients/ReverseV2_grad/ReverseV2/ReverseV2/axis' with dtype int32 and shape [1]
	 [[{{node gradients/ReverseV2_grad/ReverseV2/ReverseV2/axis}}]]
2026-05-18 07:20:34.131004: I tensorflow/core/common_runtime/executor.cc:1197] [/device:CPU:0] (DEBUG INFO) Executor start aborting (this does not indicate an error and you can ignore this message): INVALID_ARGUMENT: You must feed a value for placeholder tensor 'gradients/ReverseV2_grad/ReverseV2/ReverseV2/axis' with dtype int32 and shape [1]
	 [[{{node gradients/ReverseV2_grad/ReverseV2/ReverseV2/axis}}]]
2026-05-18 07:20:34.139883: I tensorflow/core/common_runtime/executor.cc:1197] [/device:CPU:0] (DEBUG INFO) Executor start aborting (this does not indicate an error and you can ignore this message): INVALID_ARGUMENT: You must feed a value for placeholder tensor 'gradients/ReverseV2_grad/ReverseV2/ReverseV2/axis' with dtype int32 and shape [1]
	 [[{{node gradients/ReverseV2_grad/ReverseV2/ReverseV2/axis}}]]
2026-05-18 07:20:34.317848: I tensorflow/core/common_runtime/executor.cc:1197] [/device:CPU:0] (DEBUG INFO) Executor start aborting (this does not indicate an error and you can ignore this message): INVALID_ARGUMENT: You must feed a value for placeholder tensor 'gradients/ReverseV2_grad/ReverseV2/ReverseV2/axis' with dtype int32 and shape [1]
	 [[{{node gradients/ReverseV2_grad/ReverseV2/ReverseV2/axis}}]]
2026-05-18 07:20:34.343605: I tensorflow/core/common_runtime/executor.cc:1197] [/device:CPU:0] (DEBUG INFO) Executor start aborting (this does not indicate an error and you can ignore this message): INVALID_ARGUMENT: You must feed a value for placeholder tensor 'gradients/ReverseV2_grad/ReverseV2/ReverseV2/axis' with dtype int32 and shape [1]
	 [[{{node gradients/ReverseV2_grad/ReverseV2/ReverseV2/axis}}]]
2026-05-18 07:20:34.349040: I tensorflow/core/common_runtime/executor.cc:1197] [/device:CPU:0] (DEBUG INFO) Executor start aborting (this does not indicate an error and you can ignore this message): INVALID_ARGUMENT: You must feed a value for placeholder tensor 'gradients/ReverseV2_grad/ReverseV2/ReverseV2/axis' with dtype int32 and shape [1]
	 [[{{node gradients/ReverseV2_grad/ReverseV2/ReverseV2/axis}}]]
2026-05-18 07:20:34.437602: I tensorflow/core/common_runtime/executor.cc:1197] [/device:CPU:0] (DEBUG INFO) Executor start aborting (this does not indicate an error and you can ignore this message): INVALID_ARGUMENT: You must feed a value for placeholder tensor 'gradients/ReverseV2_grad/ReverseV2/ReverseV2/axis' with dtype int32 and shape [1]
	 [[{{node gradients/ReverseV2_grad/ReverseV2/ReverseV2/axis}}]]
2026-05-18 07:20:34.663924: I tensorflow/core/common_runtime/executor.cc:1197] [/device:CPU:0] (DEBUG INFO) Executor start aborting (this does not indicate an error and you can ignore this message): INVALID_ARGUMENT: You must feed a value for placeholder tensor 'gradients/ReverseV2_grad/ReverseV2/ReverseV2/axis' with dtype int32 and shape [1]
	 [[{{node gradients/ReverseV2_grad/ReverseV2/ReverseV2/axis}}]]
2026-05-18 07:20:34.971571: I tensorflow/core/common_runtime/executor.cc:1197] [/device:CPU:0] (DEBUG INFO) Executor start aborting (this does not indicate an error and you can ignore this message): INVALID_ARGUMENT: You must feed a value for placeholder tensor 'gradients/ReverseV2_grad/ReverseV2/ReverseV2/axis' with dtype int32 and shape [1]
	 [[{{node gradients/ReverseV2_grad/ReverseV2/ReverseV2/axis}}]]
2026-05-18 07:20:35.000741: I tensorflow/core/common_runtime/executor.cc:1197] [/device:CPU:0] (DEBUG INFO) Executor start aborting (this does not indicate an error and you can ignore this message): INVALID_ARGUMENT: You must feed a value for placeholder tensor 'gradients/ReverseV2_grad/ReverseV2/ReverseV2/axis' with dtype int32 and shape [1]
	 [[{{node gradients/ReverseV2_grad/ReverseV2/ReverseV2/axis}}]]
2026-05-18 07:20:35.021582: I tensorflow/core/common_runtime/executor.cc:1197] [/device:CPU:0] (DEBUG INFO) Executor start aborting (this does not indicate an error and you can ignore this message): INVALID_ARGUMENT: You must feed a value for placeholder tensor 'gradients/ReverseV2_grad/ReverseV2/ReverseV2/axis' with dtype int32 and shape [1]
	 [[{{node gradients/ReverseV2_grad/ReverseV2/ReverseV2/axis}}]]
2026-05-18 07:20:35.189683: I tensorflow/core/common_runtime/executor.cc:1197] [/device:CPU:0] (DEBUG INFO) Executor start aborting (this does not indicate an error and you can ignore this message): INVALID_ARGUMENT: You must feed a value for placeholder tensor 'gradients/ReverseV2_grad/ReverseV2/ReverseV2/axis' with dtype int32 and shape [1]
	 [[{{node gradients/ReverseV2_grad/ReverseV2/ReverseV2/axis}}]]
2026-05-18 07:20:35.229600: I tensorflow/core/common_runtime/executor.cc:1197] [/device:CPU:0] (DEBUG INFO) Executor start aborting (this does not indicate an error and you can ignore this message): INVALID_ARGUMENT: You must feed a value for placeholder tensor 'gradients/ReverseV2_grad/ReverseV2/ReverseV2/axis' with dtype int32 and shape [1]
	 [[{{node gradients/ReverseV2_grad/ReverseV2/ReverseV2/axis}}]]
2026-05-18 07:20:35.249591: I tensorflow/core/common_runtime/executor.cc:1197] [/device:CPU:0] (DEBUG INFO) Executor start aborting (this does not indicate an error and you can ignore this message): INVALID_ARGUMENT: You must feed a value for placeholder tensor 'gradients/ReverseV2_grad/ReverseV2/ReverseV2/axis' with dtype int32 and shape [1]
	 [[{{node gradients/ReverseV2_grad/ReverseV2/ReverseV2/axis}}]]
2026-05-18 07:20:35.312786: I tensorflow/core/common_runtime/executor.cc:1197] [/device:CPU:0] (DEBUG INFO) Executor start aborting (this does not indicate an error and you can ignore this message): INVALID_ARGUMENT: You must feed a value for placeholder tensor 'gradients/ReverseV2_grad/ReverseV2/ReverseV2/axis' with dtype int32 and shape [1]
	 [[{{node gradients/ReverseV2_grad/ReverseV2/ReverseV2/axis}}]]
2026-05-18 07:20:35.562978: I tensorflow/core/common_runtime/executor.cc:1197] [/device:CPU:0] (DEBUG INFO) Executor start aborting (this does not indicate an error and you can ignore this message): INVALID_ARGUMENT: You must feed a value for placeholder tensor 'gradients/ReverseV2_grad/ReverseV2/ReverseV2/axis' with dtype int32 and shape [1]
	 [[{{node gradients/ReverseV2_grad/ReverseV2/ReverseV2/axis}}]]
2026-05-18 10:08:38.520119: I tensorflow/core/common_runtime/executor.cc:1197] [/device:CPU:0] (DEBUG INFO) Executor start aborting (this does not indicate an error and you can ignore this message): INVALID_ARGUMENT: You must feed a value for placeholder tensor 'Placeholder/_0' with dtype string and shape [497457]
	 [[{{node Placeholder/_0}}]]
2026-05-18 10:08:38.521177: I tensorflow/core/common_runtime/executor.cc:1197] [/device:CPU:0] (DEBUG INFO) Executor start aborting (this does not indicate an error and you can ignore this message): INVALID_ARGUMENT: You must feed a value for placeholder tensor 'Placeholder/_10' with dtype int64
	 [[{{node Placeholder/_10}}]]
2026-05-18 10:08:38.521104: I tensorflow/core/common_runtime/executor.cc:1197] [/device:CPU:0] (DEBUG INFO) Executor start aborting (this does not indicate an error and you can ignore this message): INVALID_ARGUMENT: You must feed a value for placeholder tensor 'Placeholder/_0' with dtype string and shape [497457]
	 [[{{node Placeholder/_0}}]]
2026-05-18 10:08:38.522198: I tensorflow/core/common_runtime/executor.cc:1197] [/device:CPU:0] (DEBUG INFO) Executor start aborting (this does not indicate an error and you can ignore this message): INVALID_ARGUMENT: You must feed a value for placeholder tensor 'Placeholder/_7' with dtype resource
	 [[{{node Placeholder/_7}}]]
2026-05-18 10:08:38.524507: I tensorflow/core/common_runtime/executor.cc:1197] [/device:CPU:0] (DEBUG INFO) Executor start aborting (this does not indicate an error and you can ignore this message): INVALID_ARGUMENT: You must feed a value for placeholder tensor 'Placeholder/_9' with dtype string
	 [[{{node Placeholder/_9}}]]
2026-05-18 10:08:38.524443: I tensorflow/core/common_runtime/executor.cc:1197] [/device:CPU:0] (DEBUG INFO) Executor start aborting (this does not indicate an error and you can ignore this message): INVALID_ARGUMENT: You must feed a value for placeholder tensor 'Placeholder/_9' with dtype string
	 [[{{node Placeholder/_9}}]]
2026-05-18 10:08:38.525207: I tensorflow/core/common_runtime/executor.cc:1197] [/device:CPU:0] (DEBUG INFO) Executor start aborting (this does not indicate an error and you can ignore this message): INVALID_ARGUMENT: You must feed a value for placeholder tensor 'Placeholder/_10' with dtype int64
	 [[{{node Placeholder/_10}}]]
2026-05-18 10:08:38.525671: I tensorflow/core/common_runtime/executor.cc:1197] [/device:CPU:0] (DEBUG INFO) Executor start aborting (this does not indicate an error and you can ignore this message): INVALID_ARGUMENT: You must feed a value for placeholder tensor 'Placeholder/_10' with dtype int64
	 [[{{node Placeholder/_10}}]]
2026-05-18 10:08:38.525648: I tensorflow/core/common_runtime/executor.cc:1197] [/device:CPU:0] (DEBUG INFO) Executor start aborting (this does not indicate an error and you can ignore this message): INVALID_ARGUMENT: You must feed a value for placeholder tensor 'Placeholder/_0' with dtype string and shape [497457]
	 [[{{node Placeholder/_0}}]]
2026-05-18 10:08:38.526678: I tensorflow/core/common_runtime/executor.cc:1197] [/device:CPU:0] (DEBUG INFO) Executor start aborting (this does not indicate an error and you can ignore this message): INVALID_ARGUMENT: You must feed a value for placeholder tensor 'Placeholder/_8' with dtype int64
	 [[{{node Placeholder/_8}}]]
2026-05-18 10:08:38.528848: I tensorflow/core/common_runtime/executor.cc:1197] [/device:CPU:0] (DEBUG INFO) Executor start aborting (this does not indicate an error and you can ignore this message): INVALID_ARGUMENT: You must feed a value for placeholder tensor 'Placeholder/_9' with dtype string
	 [[{{node Placeholder/_9}}]]
2026-05-18 10:08:38.530090: I tensorflow/core/common_runtime/executor.cc:1197] [/device:CPU:0] (DEBUG INFO) Executor start aborting (this does not indicate an error and you can ignore this message): INVALID_ARGUMENT: You must feed a value for placeholder tensor 'Placeholder/_9' with dtype string
	 [[{{node Placeholder/_9}}]]
2026-05-18 10:08:38.532531: I tensorflow/core/common_runtime/executor.cc:1197] [/device:CPU:0] (DEBUG INFO) Executor start aborting (this does not indicate an error and you can ignore this message): INVALID_ARGUMENT: You must feed a value for placeholder tensor 'Placeholder/_7' with dtype resource
	 [[{{node Placeholder/_7}}]]
2026-05-18 10:08:38.534101: I tensorflow/core/common_runtime/executor.cc:1197] [/device:CPU:0] (DEBUG INFO) Executor start aborting (this does not indicate an error and you can ignore this message): INVALID_ARGUMENT: You must feed a value for placeholder tensor 'Placeholder/_7' with dtype resource
	 [[{{node Placeholder/_7}}]]
2026-05-18 10:08:38.547411: I tensorflow/core/common_runtime/executor.cc:1197] [/device:CPU:0] (DEBUG INFO) Executor start aborting (this does not indicate an error and you can ignore this message): INVALID_ARGUMENT: You must feed a value for placeholder tensor 'Placeholder/_9' with dtype string
	 [[{{node Placeholder/_9}}]]
2026-05-18 10:08:38.548623: I tensorflow/core/common_runtime/executor.cc:1197] [/device:CPU:0] (DEBUG INFO) Executor start aborting (this does not indicate an error and you can ignore this message): INVALID_ARGUMENT: You must feed a value for placeholder tensor 'Placeholder/_8' with dtype int64
	 [[{{node Placeholder/_8}}]]
2026-05-18 10:08:38.561623: I tensorflow/core/common_runtime/executor.cc:1197] [/device:CPU:0] (DEBUG INFO) Executor start aborting (this does not indicate an error and you can ignore this message): INVALID_ARGUMENT: You must feed a value for placeholder tensor 'Placeholder/_8' with dtype int64
	 [[{{node Placeholder/_8}}]]
2026-05-18 10:08:38.562603: I tensorflow/core/common_runtime/executor.cc:1197] [/device:CPU:0] (DEBUG INFO) Executor start aborting (this does not indicate an error and you can ignore this message): INVALID_ARGUMENT: You must feed a value for placeholder tensor 'Placeholder/_10' with dtype int64
	 [[{{node Placeholder/_10}}]]
2026-05-18 10:08:38.562670: I tensorflow/core/common_runtime/executor.cc:1197] [/device:CPU:0] (DEBUG INFO) Executor start aborting (this does not indicate an error and you can ignore this message): INVALID_ARGUMENT: You must feed a value for placeholder tensor 'Placeholder/_10' with dtype int64
	 [[{{node Placeholder/_10}}]]
2026-05-18 10:08:38.563702: I tensorflow/core/common_runtime/executor.cc:1197] [/device:CPU:0] (DEBUG INFO) Executor start aborting (this does not indicate an error and you can ignore this message): INVALID_ARGUMENT: You must feed a value for placeholder tensor 'Placeholder/_9' with dtype string
	 [[{{node Placeholder/_9}}]]
2026-05-18 10:08:38.569232: I tensorflow/core/common_runtime/executor.cc:1197] [/device:CPU:0] (DEBUG INFO) Executor start aborting (this does not indicate an error and you can ignore this message): INVALID_ARGUMENT: You must feed a value for placeholder tensor 'Placeholder/_0' with dtype string and shape [497457]
	 [[{{node Placeholder/_0}}]]
2026-05-18 10:08:38.570403: I tensorflow/core/common_runtime/executor.cc:1197] [/device:CPU:0] (DEBUG INFO) Executor start aborting (this does not indicate an error and you can ignore this message): INVALID_ARGUMENT: You must feed a value for placeholder tensor 'Placeholder/_9' with dtype string
	 [[{{node Placeholder/_9}}]]
2026-05-18 10:08:38.570502: I tensorflow/core/common_runtime/executor.cc:1197] [/device:CPU:0] (DEBUG INFO) Executor start aborting (this does not indicate an error and you can ignore this message): INVALID_ARGUMENT: You must feed a value for placeholder tensor 'Placeholder/_8' with dtype int64
	 [[{{node Placeholder/_8}}]]
2026-05-18 10:08:38.570706: I tensorflow/core/common_runtime/executor.cc:1197] [/device:CPU:0] (DEBUG INFO) Executor start aborting (this does not indicate an error and you can ignore this message): INVALID_ARGUMENT: You must feed a value for placeholder tensor 'Placeholder/_0' with dtype string and shape [497457]
	 [[{{node Placeholder/_0}}]]
2026-05-18 10:08:38.571596: I tensorflow/core/common_runtime/executor.cc:1197] [/device:CPU:0] (DEBUG INFO) Executor start aborting (this does not indicate an error and you can ignore this message): INVALID_ARGUMENT: You must feed a value for placeholder tensor 'Placeholder/_7' with dtype resource
	 [[{{node Placeholder/_7}}]]
2026-05-18 10:08:38.571880: I tensorflow/core/common_runtime/executor.cc:1197] [/device:CPU:0] (DEBUG INFO) Executor start aborting (this does not indicate an error and you can ignore this message): INVALID_ARGUMENT: You must feed a value for placeholder tensor 'Placeholder/_9' with dtype string
	 [[{{node Placeholder/_9}}]]
2026-05-18 10:08:38.581548: I tensorflow/core/common_runtime/executor.cc:1197] [/device:CPU:0] (DEBUG INFO) Executor start aborting (this does not indicate an error and you can ignore this message): INVALID_ARGUMENT: You must feed a value for placeholder tensor 'Placeholder/_1' with dtype int32 and shape [497457]
	 [[{{node Placeholder/_1}}]]
2026-05-18 10:08:38.583057: I tensorflow/core/common_runtime/executor.cc:1197] [/device:CPU:0] (DEBUG INFO) Executor start aborting (this does not indicate an error and you can ignore this message): INVALID_ARGUMENT: You must feed a value for placeholder tensor 'Placeholder/_1' with dtype int32 and shape [497457]
	 [[{{node Placeholder/_1}}]]
2026-05-18 10:08:38.584366: I tensorflow/core/common_runtime/executor.cc:1197] [/device:CPU:0] (DEBUG INFO) Executor start aborting (this does not indicate an error and you can ignore this message): INVALID_ARGUMENT: You must feed a value for placeholder tensor 'Placeholder/_0' with dtype string and shape [497457]
	 [[{{node Placeholder/_0}}]]
2026-05-18 10:08:38.585688: I tensorflow/core/common_runtime/executor.cc:1197] [/device:CPU:0] (DEBUG INFO) Executor start aborting (this does not indicate an error and you can ignore this message): INVALID_ARGUMENT: You must feed a value for placeholder tensor 'Placeholder/_10' with dtype int64
	 [[{{node Placeholder/_10}}]]
2026-05-18 10:08:38.586682: I tensorflow/core/common_runtime/executor.cc:1197] [/device:CPU:0] (DEBUG INFO) Executor start aborting (this does not indicate an error and you can ignore this message): INVALID_ARGUMENT: You must feed a value for placeholder tensor 'Placeholder/_1' with dtype int32 and shape [497457]
	 [[{{node Placeholder/_1}}]]
2026-05-18 10:08:38.587586: I tensorflow/core/common_runtime/executor.cc:1197] [/device:CPU:0] (DEBUG INFO) Executor start aborting (this does not indicate an error and you can ignore this message): INVALID_ARGUMENT: You must feed a value for placeholder tensor 'Placeholder/_8' with dtype int64
	 [[{{node Placeholder/_8}}]]
2026-05-18 10:08:38.667453: W tensorflow/core/framework/dataset.cc:807] Input of GeneratorDatasetOp::Dataset will not be optimized because the dataset does not implement the AsGraphDefInternal() method needed to apply optimizations.
2026-05-18 10:08:38.668276: I tensorflow/core/common_runtime/executor.cc:1197] [/device:CPU:0] (DEBUG INFO) Executor start aborting (this does not indicate an error and you can ignore this message): INVALID_ARGUMENT: You must feed a value for placeholder tensor 'Placeholder/_0' with dtype variant
	 [[{{node Placeholder/_0}}]]
2026-05-18 10:08:38.670672: W tensorflow/core/framework/dataset.cc:807] Input of GeneratorDatasetOp::Dataset will not be optimized because the dataset does not implement the AsGraphDefInternal() method needed to apply optimizations.
2026-05-18 10:08:38.671280: I tensorflow/core/common_runtime/executor.cc:1197] [/device:CPU:0] (DEBUG INFO) Executor start aborting (this does not indicate an error and you can ignore this message): INVALID_ARGUMENT: You must feed a value for placeholder tensor 'Placeholder/_0' with dtype variant
	 [[{{node Placeholder/_0}}]]
2026-05-18 10:08:38.679557: W tensorflow/core/framework/dataset.cc:807] Input of GeneratorDatasetOp::Dataset will not be optimized because the dataset does not implement the AsGraphDefInternal() method needed to apply optimizations.
2026-05-18 10:08:38.680109: I tensorflow/core/common_runtime/executor.cc:1197] [/device:CPU:0] (DEBUG INFO) Executor start aborting (this does not indicate an error and you can ignore this message): INVALID_ARGUMENT: You must feed a value for placeholder tensor 'Placeholder/_0' with dtype variant
	 [[{{node Placeholder/_0}}]]
2026-05-18 10:08:38.684158: W tensorflow/core/framework/dataset.cc:807] Input of GeneratorDatasetOp::Dataset will not be optimized because the dataset does not implement the AsGraphDefInternal() method needed to apply optimizations.
2026-05-18 10:08:38.684776: I tensorflow/core/common_runtime/executor.cc:1197] [/device:CPU:0] (DEBUG INFO) Executor start aborting (this does not indicate an error and you can ignore this message): INVALID_ARGUMENT: You must feed a value for placeholder tensor 'Placeholder/_0' with dtype variant
	 [[{{node Placeholder/_0}}]]
2026-05-18 10:08:38.686834: W tensorflow/core/framework/dataset.cc:807] Input of GeneratorDatasetOp::Dataset will not be optimized because the dataset does not implement the AsGraphDefInternal() method needed to apply optimizations.
2026-05-18 10:08:38.687470: I tensorflow/core/common_runtime/executor.cc:1197] [/device:CPU:0] (DEBUG INFO) Executor start aborting (this does not indicate an error and you can ignore this message): INVALID_ARGUMENT: You must feed a value for placeholder tensor 'Placeholder/_0' with dtype variant
	 [[{{node Placeholder/_0}}]]
2026-05-18 10:08:38.688623: W tensorflow/core/framework/dataset.cc:807] Input of GeneratorDatasetOp::Dataset will not be optimized because the dataset does not implement the AsGraphDefInternal() method needed to apply optimizations.
2026-05-18 10:08:38.689217: I tensorflow/core/common_runtime/executor.cc:1197] [/device:CPU:0] (DEBUG INFO) Executor start aborting (this does not indicate an error and you can ignore this message): INVALID_ARGUMENT: You must feed a value for placeholder tensor 'Placeholder/_0' with dtype variant
	 [[{{node Placeholder/_0}}]]
2026-05-18 10:08:38.707613: W tensorflow/core/framework/dataset.cc:807] Input of GeneratorDatasetOp::Dataset will not be optimized because the dataset does not implement the AsGraphDefInternal() method needed to apply optimizations.
2026-05-18 10:08:38.707948: I tensorflow/core/common_runtime/executor.cc:1197] [/device:CPU:0] (DEBUG INFO) Executor start aborting (this does not indicate an error and you can ignore this message): INVALID_ARGUMENT: You must feed a value for placeholder tensor 'Placeholder/_7' with dtype resource
	 [[{{node Placeholder/_7}}]]
2026-05-18 10:08:38.708509: I tensorflow/core/common_runtime/executor.cc:1197] [/device:CPU:0] (DEBUG INFO) Executor start aborting (this does not indicate an error and you can ignore this message): INVALID_ARGUMENT: You must feed a value for placeholder tensor 'Placeholder/_0' with dtype variant
	 [[{{node Placeholder/_0}}]]
2026-05-18 10:08:38.708793: I tensorflow/core/common_runtime/executor.cc:1197] [/device:CPU:0] (DEBUG INFO) Executor start aborting (this does not indicate an error and you can ignore this message): INVALID_ARGUMENT: You must feed a value for placeholder tensor 'Placeholder/_7' with dtype resource
	 [[{{node Placeholder/_7}}]]
2026-05-18 10:08:38.709268: I tensorflow/core/common_runtime/executor.cc:1197] [/device:CPU:0] (DEBUG INFO) Executor start aborting (this does not indicate an error and you can ignore this message): INVALID_ARGUMENT: You must feed a value for placeholder tensor 'Placeholder/_10' with dtype int64
	 [[{{node Placeholder/_10}}]]
2026-05-18 10:08:38.710013: I tensorflow/core/common_runtime/executor.cc:1197] [/device:CPU:0] (DEBUG INFO) Executor start aborting (this does not indicate an error and you can ignore this message): INVALID_ARGUMENT: You must feed a value for placeholder tensor 'Placeholder/_0' with dtype string and shape [497457]
	 [[{{node Placeholder/_0}}]]
2026-05-18 10:08:38.713431: W tensorflow/core/framework/dataset.cc:807] Input of GeneratorDatasetOp::Dataset will not be optimized because the dataset does not implement the AsGraphDefInternal() method needed to apply optimizations.
2026-05-18 10:08:38.714057: I tensorflow/core/common_runtime/executor.cc:1197] [/device:CPU:0] (DEBUG INFO) Executor start aborting (this does not indicate an error and you can ignore this message): INVALID_ARGUMENT: You must feed a value for placeholder tensor 'Placeholder/_0' with dtype variant
	 [[{{node Placeholder/_0}}]]
2026-05-18 10:08:38.718892: I tensorflow/core/common_runtime/executor.cc:1197] [/device:CPU:0] (DEBUG INFO) Executor start aborting (this does not indicate an error and you can ignore this message): INVALID_ARGUMENT: You must feed a value for placeholder tensor 'Placeholder/_10' with dtype int64
	 [[{{node Placeholder/_10}}]]
2026-05-18 10:08:38.719724: I tensorflow/core/common_runtime/executor.cc:1197] [/device:CPU:0] (DEBUG INFO) Executor start aborting (this does not indicate an error and you can ignore this message): INVALID_ARGUMENT: You must feed a value for placeholder tensor 'Placeholder/_9' with dtype string
	 [[{{node Placeholder/_9}}]]
2026-05-18 10:08:38.724156: I tensorflow/core/common_runtime/executor.cc:1197] [/device:CPU:0] (DEBUG INFO) Executor start aborting (this does not indicate an error and you can ignore this message): INVALID_ARGUMENT: You must feed a value for placeholder tensor 'Placeholder/_0' with dtype string and shape [497457]
	 [[{{node Placeholder/_0}}]]
2026-05-18 10:08:38.724937: I tensorflow/core/common_runtime/executor.cc:1197] [/device:CPU:0] (DEBUG INFO) Executor start aborting (this does not indicate an error and you can ignore this message): INVALID_ARGUMENT: You must feed a value for placeholder tensor 'Placeholder/_10' with dtype int64
	 [[{{node Placeholder/_10}}]]
2026-05-18 10:08:38.726144: I tensorflow/core/common_runtime/executor.cc:1197] [/device:CPU:0] (DEBUG INFO) Executor start aborting (this does not indicate an error and you can ignore this message): INVALID_ARGUMENT: You must feed a value for placeholder tensor 'Placeholder/_8' with dtype int64
	 [[{{node Placeholder/_8}}]]
2026-05-18 10:08:38.727281: I tensorflow/core/common_runtime/executor.cc:1197] [/device:CPU:0] (DEBUG INFO) Executor start aborting (this does not indicate an error and you can ignore this message): INVALID_ARGUMENT: You must feed a value for placeholder tensor 'Placeholder/_8' with dtype int64
	 [[{{node Placeholder/_8}}]]
2026-05-18 10:08:38.730025: I tensorflow/core/common_runtime/executor.cc:1197] [/device:CPU:0] (DEBUG INFO) Executor start aborting (this does not indicate an error and you can ignore this message): INVALID_ARGUMENT: You must feed a value for placeholder tensor 'Placeholder/_7' with dtype resource
	 [[{{node Placeholder/_7}}]]
2026-05-18 10:08:38.731164: I tensorflow/core/common_runtime/executor.cc:1197] [/device:CPU:0] (DEBUG INFO) Executor start aborting (this does not indicate an error and you can ignore this message): INVALID_ARGUMENT: You must feed a value for placeholder tensor 'Placeholder/_7' with dtype resource
	 [[{{node Placeholder/_7}}]]
2026-05-18 10:08:38.749503: I tensorflow/core/common_runtime/executor.cc:1197] [/device:CPU:0] (DEBUG INFO) Executor start aborting (this does not indicate an error and you can ignore this message): INVALID_ARGUMENT: You must feed a value for placeholder tensor 'Placeholder/_0' with dtype string and shape [497457]
	 [[{{node Placeholder/_0}}]]
2026-05-18 10:08:38.750359: I tensorflow/core/common_runtime/executor.cc:1197] [/device:CPU:0] (DEBUG INFO) Executor start aborting (this does not indicate an error and you can ignore this message): INVALID_ARGUMENT: You must feed a value for placeholder tensor 'Placeholder/_9' with dtype string
	 [[{{node Placeholder/_9}}]]
2026-05-18 10:08:38.756104: I tensorflow/core/common_runtime/executor.cc:1197] [/device:CPU:0] (DEBUG INFO) Executor start aborting (this does not indicate an error and you can ignore this message): INVALID_ARGUMENT: You must feed a value for placeholder tensor 'Placeholder/_9' with dtype string
	 [[{{node Placeholder/_9}}]]
2026-05-18 10:08:38.756927: I tensorflow/core/common_runtime/executor.cc:1197] [/device:CPU:0] (DEBUG INFO) Executor start aborting (this does not indicate an error and you can ignore this message): INVALID_ARGUMENT: You must feed a value for placeholder tensor 'Placeholder/_10' with dtype int64
	 [[{{node Placeholder/_10}}]]
2026-05-18 10:08:38.800930: I tensorflow/core/common_runtime/executor.cc:1197] [/device:CPU:0] (DEBUG INFO) Executor start aborting (this does not indicate an error and you can ignore this message): INVALID_ARGUMENT: You must feed a value for placeholder tensor 'Placeholder/_0' with dtype variant
	 [[{{node Placeholder/_0}}]]
2026-05-18 10:08:38.808944: I tensorflow/core/common_runtime/executor.cc:1197] [/device:CPU:0] (DEBUG INFO) Executor start aborting (this does not indicate an error and you can ignore this message): INVALID_ARGUMENT: You must feed a value for placeholder tensor 'Placeholder/_0' with dtype variant
	 [[{{node Placeholder/_0}}]]
2026-05-18 10:08:38.816288: I tensorflow/core/common_runtime/executor.cc:1197] [/device:CPU:0] (DEBUG INFO) Executor start aborting (this does not indicate an error and you can ignore this message): INVALID_ARGUMENT: You must feed a value for placeholder tensor 'Placeholder/_0' with dtype variant
	 [[{{node Placeholder/_0}}]]
2026-05-18 10:08:38.817391: I tensorflow/core/common_runtime/executor.cc:1197] [/device:CPU:0] (DEBUG INFO) Executor start aborting (this does not indicate an error and you can ignore this message): INVALID_ARGUMENT: You must feed a value for placeholder tensor 'Placeholder/_0' with dtype variant
	 [[{{node Placeholder/_0}}]]
2026-05-18 10:08:38.825457: I tensorflow/core/common_runtime/executor.cc:1197] [/device:CPU:0] (DEBUG INFO) Executor start aborting (this does not indicate an error and you can ignore this message): INVALID_ARGUMENT: You must feed a value for placeholder tensor 'Placeholder/_0' with dtype variant
	 [[{{node Placeholder/_0}}]]
2026-05-18 10:08:38.840921: I tensorflow/core/common_runtime/executor.cc:1197] [/device:CPU:0] (DEBUG INFO) Executor start aborting (this does not indicate an error and you can ignore this message): INVALID_ARGUMENT: You must feed a value for placeholder tensor 'Placeholder/_0' with dtype variant
	 [[{{node Placeholder/_0}}]]
2026-05-18 10:08:38.846896: I tensorflow/core/common_runtime/executor.cc:1197] [/device:CPU:0] (DEBUG INFO) Executor start aborting (this does not indicate an error and you can ignore this message): INVALID_ARGUMENT: You must feed a value for placeholder tensor 'Placeholder/_0' with dtype variant
	 [[{{node Placeholder/_0}}]]
2026-05-18 10:08:38.849982: I tensorflow/core/common_runtime/executor.cc:1197] [/device:CPU:0] (DEBUG INFO) Executor start aborting (this does not indicate an error and you can ignore this message): INVALID_ARGUMENT: You must feed a value for placeholder tensor 'Placeholder/_0' with dtype variant
	 [[{{node Placeholder/_0}}]]
2026-05-18 10:16:09.503596: I tensorflow/core/common_runtime/executor.cc:1197] [/device:CPU:0] (DEBUG INFO) Executor start aborting (this does not indicate an error and you can ignore this message): INVALID_ARGUMENT: You must feed a value for placeholder tensor 'Placeholder/_1' with dtype int32 and shape [2320148]
	 [[{{node Placeholder/_1}}]]
2026-05-18 10:16:09.504359: I tensorflow/core/common_runtime/executor.cc:1197] [/device:CPU:0] (DEBUG INFO) Executor start aborting (this does not indicate an error and you can ignore this message): INVALID_ARGUMENT: You must feed a value for placeholder tensor 'Placeholder/_13' with dtype int64
	 [[{{node Placeholder/_13}}]]
2026-05-18 10:16:09.505545: I tensorflow/core/common_runtime/executor.cc:1197] [/device:CPU:0] (DEBUG INFO) Executor start aborting (this does not indicate an error and you can ignore this message): INVALID_ARGUMENT: You must feed a value for placeholder tensor 'Placeholder/_0' with dtype string and shape [2320148]
	 [[{{node Placeholder/_0}}]]
2026-05-18 10:16:09.506368: I tensorflow/core/common_runtime/executor.cc:1197] [/device:CPU:0] (DEBUG INFO) Executor start aborting (this does not indicate an error and you can ignore this message): INVALID_ARGUMENT: You must feed a value for placeholder tensor 'Placeholder/_12' with dtype resource
	 [[{{node Placeholder/_12}}]]
2026-05-18 10:16:09.507520: I tensorflow/core/common_runtime/executor.cc:1197] [/device:CPU:0] (DEBUG INFO) Executor start aborting (this does not indicate an error and you can ignore this message): INVALID_ARGUMENT: You must feed a value for placeholder tensor 'Placeholder/_12' with dtype resource
	 [[{{node Placeholder/_12}}]]
2026-05-18 10:16:09.508347: I tensorflow/core/common_runtime/executor.cc:1197] [/device:CPU:0] (DEBUG INFO) Executor start aborting (this does not indicate an error and you can ignore this message): INVALID_ARGUMENT: You must feed a value for placeholder tensor 'Placeholder/_14' with dtype string
	 [[{{node Placeholder/_14}}]]
2026-05-18 10:16:09.509513: I tensorflow/core/common_runtime/executor.cc:1197] [/device:CPU:0] (DEBUG INFO) Executor start aborting (this does not indicate an error and you can ignore this message): INVALID_ARGUMENT: You must feed a value for placeholder tensor 'Placeholder/_13' with dtype int64
	 [[{{node Placeholder/_13}}]]
2026-05-18 10:16:09.510429: I tensorflow/core/common_runtime/executor.cc:1197] [/device:CPU:0] (DEBUG INFO) Executor start aborting (this does not indicate an error and you can ignore this message): INVALID_ARGUMENT: You must feed a value for placeholder tensor 'Placeholder/_14' with dtype string
	 [[{{node Placeholder/_14}}]]
2026-05-18 10:16:09.512950: I tensorflow/core/common_runtime/executor.cc:1197] [/device:CPU:0] (DEBUG INFO) Executor start aborting (this does not indicate an error and you can ignore this message): INVALID_ARGUMENT: You must feed a value for placeholder tensor 'Placeholder/_14' with dtype string
	 [[{{node Placeholder/_14}}]]
2026-05-18 10:16:09.513745: I tensorflow/core/common_runtime/executor.cc:1197] [/device:CPU:0] (DEBUG INFO) Executor start aborting (this does not indicate an error and you can ignore this message): INVALID_ARGUMENT: You must feed a value for placeholder tensor 'Placeholder/_13' with dtype int64
	 [[{{node Placeholder/_13}}]]
2026-05-18 10:16:09.515830: I tensorflow/core/common_runtime/executor.cc:1197] [/device:CPU:0] (DEBUG INFO) Executor start aborting (this does not indicate an error and you can ignore this message): INVALID_ARGUMENT: You must feed a value for placeholder tensor 'Placeholder/_1' with dtype int32 and shape [2320148]
	 [[{{node Placeholder/_1}}]]
2026-05-18 10:16:09.516844: I tensorflow/core/common_runtime/executor.cc:1197] [/device:CPU:0] (DEBUG INFO) Executor start aborting (this does not indicate an error and you can ignore this message): INVALID_ARGUMENT: You must feed a value for placeholder tensor 'Placeholder/_15' with dtype int64
	 [[{{node Placeholder/_15}}]]
2026-05-18 10:16:09.537424: I tensorflow/core/common_runtime/executor.cc:1197] [/device:CPU:0] (DEBUG INFO) Executor start aborting (this does not indicate an error and you can ignore this message): INVALID_ARGUMENT: You must feed a value for placeholder tensor 'Placeholder/_15' with dtype int64
	 [[{{node Placeholder/_15}}]]
2026-05-18 10:16:09.538237: I tensorflow/core/common_runtime/executor.cc:1197] [/device:CPU:0] (DEBUG INFO) Executor start aborting (this does not indicate an error and you can ignore this message): INVALID_ARGUMENT: You must feed a value for placeholder tensor 'Placeholder/_0' with dtype string and shape [2320148]
	 [[{{node Placeholder/_0}}]]
2026-05-18 10:16:09.555248: I tensorflow/core/common_runtime/executor.cc:1197] [/device:CPU:0] (DEBUG INFO) Executor start aborting (this does not indicate an error and you can ignore this message): INVALID_ARGUMENT: You must feed a value for placeholder tensor 'Placeholder/_0' with dtype string and shape [2320148]
	 [[{{node Placeholder/_0}}]]
2026-05-18 10:16:09.556183: I tensorflow/core/common_runtime/executor.cc:1197] [/device:CPU:0] (DEBUG INFO) Executor start aborting (this does not indicate an error and you can ignore this message): INVALID_ARGUMENT: You must feed a value for placeholder tensor 'Placeholder/_14' with dtype string
	 [[{{node Placeholder/_14}}]]
2026-05-18 10:16:09.604423: W tensorflow/core/framework/dataset.cc:807] Input of GeneratorDatasetOp::Dataset will not be optimized because the dataset does not implement the AsGraphDefInternal() method needed to apply optimizations.
2026-05-18 10:16:09.604865: I tensorflow/core/common_runtime/executor.cc:1197] [/device:CPU:0] (DEBUG INFO) Executor start aborting (this does not indicate an error and you can ignore this message): INVALID_ARGUMENT: You must feed a value for placeholder tensor 'Placeholder/_0' with dtype variant
	 [[{{node Placeholder/_0}}]]
2026-05-18 10:16:09.614041: W tensorflow/core/framework/dataset.cc:807] Input of GeneratorDatasetOp::Dataset will not be optimized because the dataset does not implement the AsGraphDefInternal() method needed to apply optimizations.
2026-05-18 10:16:09.614507: I tensorflow/core/common_runtime/executor.cc:1197] [/device:CPU:0] (DEBUG INFO) Executor start aborting (this does not indicate an error and you can ignore this message): INVALID_ARGUMENT: You must feed a value for placeholder tensor 'Placeholder/_0' with dtype variant
	 [[{{node Placeholder/_0}}]]
2026-05-18 10:16:09.622355: W tensorflow/core/framework/dataset.cc:807] Input of GeneratorDatasetOp::Dataset will not be optimized because the dataset does not implement the AsGraphDefInternal() method needed to apply optimizations.
2026-05-18 10:16:09.622830: I tensorflow/core/common_runtime/executor.cc:1197] [/device:CPU:0] (DEBUG INFO) Executor start aborting (this does not indicate an error and you can ignore this message): INVALID_ARGUMENT: You must feed a value for placeholder tensor 'Placeholder/_0' with dtype variant
	 [[{{node Placeholder/_0}}]]
2026-05-18 10:16:09.633469: W tensorflow/core/framework/dataset.cc:807] Input of GeneratorDatasetOp::Dataset will not be optimized because the dataset does not implement the AsGraphDefInternal() method needed to apply optimizations.
2026-05-18 10:16:09.634061: I tensorflow/core/common_runtime/executor.cc:1197] [/device:CPU:0] (DEBUG INFO) Executor start aborting (this does not indicate an error and you can ignore this message): INVALID_ARGUMENT: You must feed a value for placeholder tensor 'Placeholder/_0' with dtype variant
	 [[{{node Placeholder/_0}}]]
2026-05-18 10:16:09.634185: W tensorflow/core/framework/dataset.cc:807] Input of GeneratorDatasetOp::Dataset will not be optimized because the dataset does not implement the AsGraphDefInternal() method needed to apply optimizations.
2026-05-18 10:16:09.634711: I tensorflow/core/common_runtime/executor.cc:1197] [/device:CPU:0] (DEBUG INFO) Executor start aborting (this does not indicate an error and you can ignore this message): INVALID_ARGUMENT: You must feed a value for placeholder tensor 'Placeholder/_0' with dtype variant
	 [[{{node Placeholder/_0}}]]
2026-05-18 10:16:09.641108: W tensorflow/core/framework/dataset.cc:807] Input of GeneratorDatasetOp::Dataset will not be optimized because the dataset does not implement the AsGraphDefInternal() method needed to apply optimizations.
2026-05-18 10:16:09.641690: I tensorflow/core/common_runtime/executor.cc:1197] [/device:CPU:0] (DEBUG INFO) Executor start aborting (this does not indicate an error and you can ignore this message): INVALID_ARGUMENT: You must feed a value for placeholder tensor 'Placeholder/_0' with dtype variant
	 [[{{node Placeholder/_0}}]]
2026-05-18 10:16:09.644803: W tensorflow/core/framework/dataset.cc:807] Input of GeneratorDatasetOp::Dataset will not be optimized because the dataset does not implement the AsGraphDefInternal() method needed to apply optimizations.
2026-05-18 10:16:09.645346: I tensorflow/core/common_runtime/executor.cc:1197] [/device:CPU:0] (DEBUG INFO) Executor start aborting (this does not indicate an error and you can ignore this message): INVALID_ARGUMENT: You must feed a value for placeholder tensor 'Placeholder/_0' with dtype variant
	 [[{{node Placeholder/_0}}]]
2026-05-18 10:16:09.700624: W tensorflow/core/framework/dataset.cc:807] Input of GeneratorDatasetOp::Dataset will not be optimized because the dataset does not implement the AsGraphDefInternal() method needed to apply optimizations.
2026-05-18 10:16:09.701267: I tensorflow/core/common_runtime/executor.cc:1197] [/device:CPU:0] (DEBUG INFO) Executor start aborting (this does not indicate an error and you can ignore this message): INVALID_ARGUMENT: You must feed a value for placeholder tensor 'Placeholder/_0' with dtype variant
	 [[{{node Placeholder/_0}}]]
2026-05-18 13:03:39.989628: I tensorflow/core/common_runtime/executor.cc:1197] [/device:CPU:0] (DEBUG INFO) Executor start aborting (this does not indicate an error and you can ignore this message): INVALID_ARGUMENT: You must feed a value for placeholder tensor 'Placeholder/_0' with dtype string and shape [497457]
	 [[{{node Placeholder/_0}}]]
2026-05-18 13:03:39.990102: I tensorflow/core/common_runtime/executor.cc:1197] [/device:CPU:0] (DEBUG INFO) Executor start aborting (this does not indicate an error and you can ignore this message): INVALID_ARGUMENT: You must feed a value for placeholder tensor 'Placeholder/_0' with dtype string and shape [497457]
	 [[{{node Placeholder/_0}}]]
2026-05-18 13:03:39.990527: I tensorflow/core/common_runtime/executor.cc:1197] [/device:CPU:0] (DEBUG INFO) Executor start aborting (this does not indicate an error and you can ignore this message): INVALID_ARGUMENT: You must feed a value for placeholder tensor 'Placeholder/_1' with dtype int32 and shape [497457]
	 [[{{node Placeholder/_1}}]]
2026-05-18 13:03:39.991087: I tensorflow/core/common_runtime/executor.cc:1197] [/device:CPU:0] (DEBUG INFO) Executor start aborting (this does not indicate an error and you can ignore this message): INVALID_ARGUMENT: You must feed a value for placeholder tensor 'Placeholder/_8' with dtype int64
	 [[{{node Placeholder/_8}}]]
2026-05-18 13:03:39.993371: I tensorflow/core/common_runtime/executor.cc:1197] [/device:CPU:0] (DEBUG INFO) Executor start aborting (this does not indicate an error and you can ignore this message): INVALID_ARGUMENT: You must feed a value for placeholder tensor 'Placeholder/_1' with dtype int32 and shape [497457]
	 [[{{node Placeholder/_1}}]]
2026-05-18 13:03:39.994305: I tensorflow/core/common_runtime/executor.cc:1197] [/device:CPU:0] (DEBUG INFO) Executor start aborting (this does not indicate an error and you can ignore this message): INVALID_ARGUMENT: You must feed a value for placeholder tensor 'Placeholder/_8' with dtype int64
	 [[{{node Placeholder/_8}}]]
2026-05-18 13:03:39.994611: I tensorflow/core/common_runtime/executor.cc:1197] [/device:CPU:0] (DEBUG INFO) Executor start aborting (this does not indicate an error and you can ignore this message): INVALID_ARGUMENT: You must feed a value for placeholder tensor 'Placeholder/_9' with dtype string
	 [[{{node Placeholder/_9}}]]
2026-05-18 13:03:39.995546: I tensorflow/core/common_runtime/executor.cc:1197] [/device:CPU:0] (DEBUG INFO) Executor start aborting (this does not indicate an error and you can ignore this message): INVALID_ARGUMENT: You must feed a value for placeholder tensor 'Placeholder/_10' with dtype int64
	 [[{{node Placeholder/_10}}]]
2026-05-18 13:03:39.995792: I tensorflow/core/common_runtime/executor.cc:1197] [/device:CPU:0] (DEBUG INFO) Executor start aborting (this does not indicate an error and you can ignore this message): INVALID_ARGUMENT: You must feed a value for placeholder tensor 'Placeholder/_7' with dtype resource
	 [[{{node Placeholder/_7}}]]
2026-05-18 13:03:39.996907: I tensorflow/core/common_runtime/executor.cc:1197] [/device:CPU:0] (DEBUG INFO) Executor start aborting (this does not indicate an error and you can ignore this message): INVALID_ARGUMENT: You must feed a value for placeholder tensor 'Placeholder/_8' with dtype int64
	 [[{{node Placeholder/_8}}]]
2026-05-18 13:03:40.000677: I tensorflow/core/common_runtime/executor.cc:1197] [/device:CPU:0] (DEBUG INFO) Executor start aborting (this does not indicate an error and you can ignore this message): INVALID_ARGUMENT: You must feed a value for placeholder tensor 'Placeholder/_10' with dtype int64
	 [[{{node Placeholder/_10}}]]
2026-05-18 13:03:40.001839: I tensorflow/core/common_runtime/executor.cc:1197] [/device:CPU:0] (DEBUG INFO) Executor start aborting (this does not indicate an error and you can ignore this message): INVALID_ARGUMENT: You must feed a value for placeholder tensor 'Placeholder/_7' with dtype resource
	 [[{{node Placeholder/_7}}]]
2026-05-18 13:03:40.004881: I tensorflow/core/common_runtime/executor.cc:1197] [/device:CPU:0] (DEBUG INFO) Executor start aborting (this does not indicate an error and you can ignore this message): INVALID_ARGUMENT: You must feed a value for placeholder tensor 'Placeholder/_7' with dtype resource
	 [[{{node Placeholder/_7}}]]
2026-05-18 13:03:40.005819: I tensorflow/core/common_runtime/executor.cc:1197] [/device:CPU:0] (DEBUG INFO) Executor start aborting (this does not indicate an error and you can ignore this message): INVALID_ARGUMENT: You must feed a value for placeholder tensor 'Placeholder/_8' with dtype int64
	 [[{{node Placeholder/_8}}]]
2026-05-18 13:03:40.016558: I tensorflow/core/common_runtime/executor.cc:1197] [/device:CPU:0] (DEBUG INFO) Executor start aborting (this does not indicate an error and you can ignore this message): INVALID_ARGUMENT: You must feed a value for placeholder tensor 'Placeholder/_7' with dtype resource
	 [[{{node Placeholder/_7}}]]
2026-05-18 13:03:40.018024: I tensorflow/core/common_runtime/executor.cc:1197] [/device:CPU:0] (DEBUG INFO) Executor start aborting (this does not indicate an error and you can ignore this message): INVALID_ARGUMENT: You must feed a value for placeholder tensor 'Placeholder/_8' with dtype int64
	 [[{{node Placeholder/_8}}]]
2026-05-18 13:03:40.088336: W tensorflow/core/framework/dataset.cc:807] Input of GeneratorDatasetOp::Dataset will not be optimized because the dataset does not implement the AsGraphDefInternal() method needed to apply optimizations.
2026-05-18 13:03:40.088860: I tensorflow/core/common_runtime/executor.cc:1197] [/device:CPU:0] (DEBUG INFO) Executor start aborting (this does not indicate an error and you can ignore this message): INVALID_ARGUMENT: You must feed a value for placeholder tensor 'Placeholder/_0' with dtype variant
	 [[{{node Placeholder/_0}}]]
2026-05-18 13:03:40.093234: W tensorflow/core/framework/dataset.cc:807] Input of GeneratorDatasetOp::Dataset will not be optimized because the dataset does not implement the AsGraphDefInternal() method needed to apply optimizations.
2026-05-18 13:03:40.093803: I tensorflow/core/common_runtime/executor.cc:1197] [/device:CPU:0] (DEBUG INFO) Executor start aborting (this does not indicate an error and you can ignore this message): INVALID_ARGUMENT: You must feed a value for placeholder tensor 'Placeholder/_0' with dtype variant
	 [[{{node Placeholder/_0}}]]
2026-05-18 13:03:40.101763: W tensorflow/core/framework/dataset.cc:807] Input of GeneratorDatasetOp::Dataset will not be optimized because the dataset does not implement the AsGraphDefInternal() method needed to apply optimizations.
2026-05-18 13:03:40.102502: I tensorflow/core/common_runtime/executor.cc:1197] [/device:CPU:0] (DEBUG INFO) Executor start aborting (this does not indicate an error and you can ignore this message): INVALID_ARGUMENT: You must feed a value for placeholder tensor 'Placeholder/_0' with dtype variant
	 [[{{node Placeholder/_0}}]]
2026-05-18 13:03:40.106898: W tensorflow/core/framework/dataset.cc:807] Input of GeneratorDatasetOp::Dataset will not be optimized because the dataset does not implement the AsGraphDefInternal() method needed to apply optimizations.
2026-05-18 13:03:40.107471: I tensorflow/core/common_runtime/executor.cc:1197] [/device:CPU:0] (DEBUG INFO) Executor start aborting (this does not indicate an error and you can ignore this message): INVALID_ARGUMENT: You must feed a value for placeholder tensor 'Placeholder/_0' with dtype variant
	 [[{{node Placeholder/_0}}]]
2026-05-18 13:03:40.113363: W tensorflow/core/framework/dataset.cc:807] Input of GeneratorDatasetOp::Dataset will not be optimized because the dataset does not implement the AsGraphDefInternal() method needed to apply optimizations.
2026-05-18 13:03:40.114030: I tensorflow/core/common_runtime/executor.cc:1197] [/device:CPU:0] (DEBUG INFO) Executor start aborting (this does not indicate an error and you can ignore this message): INVALID_ARGUMENT: You must feed a value for placeholder tensor 'Placeholder/_0' with dtype variant
	 [[{{node Placeholder/_0}}]]
2026-05-18 13:03:40.114881: W tensorflow/core/framework/dataset.cc:807] Input of GeneratorDatasetOp::Dataset will not be optimized because the dataset does not implement the AsGraphDefInternal() method needed to apply optimizations.
2026-05-18 13:03:40.115668: I tensorflow/core/common_runtime/executor.cc:1197] [/device:CPU:0] (DEBUG INFO) Executor start aborting (this does not indicate an error and you can ignore this message): INVALID_ARGUMENT: You must feed a value for placeholder tensor 'Placeholder/_0' with dtype variant
	 [[{{node Placeholder/_0}}]]
2026-05-18 13:03:40.124669: I tensorflow/core/common_runtime/executor.cc:1197] [/device:CPU:0] (DEBUG INFO) Executor start aborting (this does not indicate an error and you can ignore this message): INVALID_ARGUMENT: You must feed a value for placeholder tensor 'Placeholder/_8' with dtype int64
	 [[{{node Placeholder/_8}}]]
2026-05-18 13:03:40.125437: I tensorflow/core/common_runtime/executor.cc:1197] [/device:CPU:0] (DEBUG INFO) Executor start aborting (this does not indicate an error and you can ignore this message): INVALID_ARGUMENT: You must feed a value for placeholder tensor 'Placeholder/_1' with dtype int32 and shape [497457]
	 [[{{node Placeholder/_1}}]]
2026-05-18 13:03:40.133021: I tensorflow/core/common_runtime/executor.cc:1197] [/device:CPU:0] (DEBUG INFO) Executor start aborting (this does not indicate an error and you can ignore this message): INVALID_ARGUMENT: You must feed a value for placeholder tensor 'Placeholder/_10' with dtype int64
	 [[{{node Placeholder/_10}}]]
2026-05-18 13:03:40.133887: I tensorflow/core/common_runtime/executor.cc:1197] [/device:CPU:0] (DEBUG INFO) Executor start aborting (this does not indicate an error and you can ignore this message): INVALID_ARGUMENT: You must feed a value for placeholder tensor 'Placeholder/_7' with dtype resource
	 [[{{node Placeholder/_7}}]]
2026-05-18 13:03:40.134060: W tensorflow/core/framework/dataset.cc:807] Input of GeneratorDatasetOp::Dataset will not be optimized because the dataset does not implement the AsGraphDefInternal() method needed to apply optimizations.
2026-05-18 13:03:40.134663: I tensorflow/core/common_runtime/executor.cc:1197] [/device:CPU:0] (DEBUG INFO) Executor start aborting (this does not indicate an error and you can ignore this message): INVALID_ARGUMENT: You must feed a value for placeholder tensor 'Placeholder/_0' with dtype variant
	 [[{{node Placeholder/_0}}]]
2026-05-18 13:03:40.145826: I tensorflow/core/common_runtime/executor.cc:1197] [/device:CPU:0] (DEBUG INFO) Executor start aborting (this does not indicate an error and you can ignore this message): INVALID_ARGUMENT: You must feed a value for placeholder tensor 'Placeholder/_10' with dtype int64
	 [[{{node Placeholder/_10}}]]
2026-05-18 13:03:40.146587: I tensorflow/core/common_runtime/executor.cc:1197] [/device:CPU:0] (DEBUG INFO) Executor start aborting (this does not indicate an error and you can ignore this message): INVALID_ARGUMENT: You must feed a value for placeholder tensor 'Placeholder/_10' with dtype int64
	 [[{{node Placeholder/_10}}]]
2026-05-18 13:03:40.147120: I tensorflow/core/common_runtime/executor.cc:1197] [/device:CPU:0] (DEBUG INFO) Executor start aborting (this does not indicate an error and you can ignore this message): INVALID_ARGUMENT: You must feed a value for placeholder tensor 'Placeholder/_7' with dtype resource
	 [[{{node Placeholder/_7}}]]
2026-05-18 13:03:40.147940: I tensorflow/core/common_runtime/executor.cc:1197] [/device:CPU:0] (DEBUG INFO) Executor start aborting (this does not indicate an error and you can ignore this message): INVALID_ARGUMENT: You must feed a value for placeholder tensor 'Placeholder/_7' with dtype resource
	 [[{{node Placeholder/_7}}]]
2026-05-18 13:03:40.147940: W tensorflow/core/framework/dataset.cc:807] Input of GeneratorDatasetOp::Dataset will not be optimized because the dataset does not implement the AsGraphDefInternal() method needed to apply optimizations.
2026-05-18 13:03:40.148559: I tensorflow/core/common_runtime/executor.cc:1197] [/device:CPU:0] (DEBUG INFO) Executor start aborting (this does not indicate an error and you can ignore this message): INVALID_ARGUMENT: You must feed a value for placeholder tensor 'Placeholder/_0' with dtype variant
	 [[{{node Placeholder/_0}}]]
2026-05-18 13:03:40.150767: I tensorflow/core/common_runtime/executor.cc:1197] [/device:CPU:0] (DEBUG INFO) Executor start aborting (this does not indicate an error and you can ignore this message): INVALID_ARGUMENT: You must feed a value for placeholder tensor 'Placeholder/_0' with dtype string and shape [497457]
	 [[{{node Placeholder/_0}}]]
2026-05-18 13:03:40.151786: I tensorflow/core/common_runtime/executor.cc:1197] [/device:CPU:0] (DEBUG INFO) Executor start aborting (this does not indicate an error and you can ignore this message): INVALID_ARGUMENT: You must feed a value for placeholder tensor 'Placeholder/_9' with dtype string
	 [[{{node Placeholder/_9}}]]
2026-05-18 13:03:40.153586: I tensorflow/core/common_runtime/executor.cc:1197] [/device:CPU:0] (DEBUG INFO) Executor start aborting (this does not indicate an error and you can ignore this message): INVALID_ARGUMENT: You must feed a value for placeholder tensor 'Placeholder/_10' with dtype int64
	 [[{{node Placeholder/_10}}]]
2026-05-18 13:03:40.154456: I tensorflow/core/common_runtime/executor.cc:1197] [/device:CPU:0] (DEBUG INFO) Executor start aborting (this does not indicate an error and you can ignore this message): INVALID_ARGUMENT: You must feed a value for placeholder tensor 'Placeholder/_0' with dtype string and shape [497457]
	 [[{{node Placeholder/_0}}]]
2026-05-18 13:03:40.176992: I tensorflow/core/common_runtime/executor.cc:1197] [/device:CPU:0] (DEBUG INFO) Executor start aborting (this does not indicate an error and you can ignore this message): INVALID_ARGUMENT: You must feed a value for placeholder tensor 'Placeholder/_8' with dtype int64
	 [[{{node Placeholder/_8}}]]
2026-05-18 13:03:40.177840: I tensorflow/core/common_runtime/executor.cc:1197] [/device:CPU:0] (DEBUG INFO) Executor start aborting (this does not indicate an error and you can ignore this message): INVALID_ARGUMENT: You must feed a value for placeholder tensor 'Placeholder/_9' with dtype string
	 [[{{node Placeholder/_9}}]]
2026-05-18 13:03:40.191270: I tensorflow/core/common_runtime/executor.cc:1197] [/device:CPU:0] (DEBUG INFO) Executor start aborting (this does not indicate an error and you can ignore this message): INVALID_ARGUMENT: You must feed a value for placeholder tensor 'Placeholder/_10' with dtype int64
	 [[{{node Placeholder/_10}}]]
2026-05-18 13:03:40.192146: I tensorflow/core/common_runtime/executor.cc:1197] [/device:CPU:0] (DEBUG INFO) Executor start aborting (this does not indicate an error and you can ignore this message): INVALID_ARGUMENT: You must feed a value for placeholder tensor 'Placeholder/_9' with dtype string
	 [[{{node Placeholder/_9}}]]
2026-05-18 13:03:40.220943: I tensorflow/core/common_runtime/executor.cc:1197] [/device:CPU:0] (DEBUG INFO) Executor start aborting (this does not indicate an error and you can ignore this message): INVALID_ARGUMENT: You must feed a value for placeholder tensor 'Placeholder/_0' with dtype variant
	 [[{{node Placeholder/_0}}]]
2026-05-18 13:03:40.229108: I tensorflow/core/common_runtime/executor.cc:1197] [/device:CPU:0] (DEBUG INFO) Executor start aborting (this does not indicate an error and you can ignore this message): INVALID_ARGUMENT: You must feed a value for placeholder tensor 'Placeholder/_0' with dtype variant
	 [[{{node Placeholder/_0}}]]
2026-05-18 13:03:40.237244: I tensorflow/core/common_runtime/executor.cc:1197] [/device:CPU:0] (DEBUG INFO) Executor start aborting (this does not indicate an error and you can ignore this message): INVALID_ARGUMENT: You must feed a value for placeholder tensor 'Placeholder/_0' with dtype variant
	 [[{{node Placeholder/_0}}]]
2026-05-18 13:03:40.239796: I tensorflow/core/common_runtime/executor.cc:1197] [/device:CPU:0] (DEBUG INFO) Executor start aborting (this does not indicate an error and you can ignore this message): INVALID_ARGUMENT: You must feed a value for placeholder tensor 'Placeholder/_0' with dtype variant
	 [[{{node Placeholder/_0}}]]
2026-05-18 13:03:40.241919: I tensorflow/core/common_runtime/executor.cc:1197] [/device:CPU:0] (DEBUG INFO) Executor start aborting (this does not indicate an error and you can ignore this message): INVALID_ARGUMENT: You must feed a value for placeholder tensor 'Placeholder/_0' with dtype variant
	 [[{{node Placeholder/_0}}]]
2026-05-18 13:03:40.248749: I tensorflow/core/common_runtime/executor.cc:1197] [/device:CPU:0] (DEBUG INFO) Executor start aborting (this does not indicate an error and you can ignore this message): INVALID_ARGUMENT: You must feed a value for placeholder tensor 'Placeholder/_0' with dtype variant
	 [[{{node Placeholder/_0}}]]
2026-05-18 13:03:40.272469: I tensorflow/core/common_runtime/executor.cc:1197] [/device:CPU:0] (DEBUG INFO) Executor start aborting (this does not indicate an error and you can ignore this message): INVALID_ARGUMENT: You must feed a value for placeholder tensor 'Placeholder/_0' with dtype variant
	 [[{{node Placeholder/_0}}]]
2026-05-18 13:03:40.288187: I tensorflow/core/common_runtime/executor.cc:1197] [/device:CPU:0] (DEBUG INFO) Executor start aborting (this does not indicate an error and you can ignore this message): INVALID_ARGUMENT: You must feed a value for placeholder tensor 'Placeholder/_0' with dtype variant
	 [[{{node Placeholder/_0}}]]
2026-05-18 13:11:09.866963: I tensorflow/core/common_runtime/executor.cc:1197] [/device:CPU:0] (DEBUG INFO) Executor start aborting (this does not indicate an error and you can ignore this message): INVALID_ARGUMENT: You must feed a value for placeholder tensor 'Placeholder/_15' with dtype int64
	 [[{{node Placeholder/_15}}]]
2026-05-18 13:11:09.867096: I tensorflow/core/common_runtime/executor.cc:1197] [/device:CPU:0] (DEBUG INFO) Executor start aborting (this does not indicate an error and you can ignore this message): INVALID_ARGUMENT: You must feed a value for placeholder tensor 'Placeholder/_13' with dtype int64
	 [[{{node Placeholder/_13}}]]
2026-05-18 13:11:09.867385: I tensorflow/core/common_runtime/executor.cc:1197] [/device:CPU:0] (DEBUG INFO) Executor start aborting (this does not indicate an error and you can ignore this message): INVALID_ARGUMENT: You must feed a value for placeholder tensor 'Placeholder/_0' with dtype string and shape [2320148]
	 [[{{node Placeholder/_0}}]]
2026-05-18 13:11:09.867426: I tensorflow/core/common_runtime/executor.cc:1197] [/device:CPU:0] (DEBUG INFO) Executor start aborting (this does not indicate an error and you can ignore this message): INVALID_ARGUMENT: You must feed a value for placeholder tensor 'Placeholder/_12' with dtype resource
	 [[{{node Placeholder/_12}}]]
2026-05-18 13:11:09.867688: I tensorflow/core/common_runtime/executor.cc:1197] [/device:CPU:0] (DEBUG INFO) Executor start aborting (this does not indicate an error and you can ignore this message): INVALID_ARGUMENT: You must feed a value for placeholder tensor 'Placeholder/_13' with dtype int64
	 [[{{node Placeholder/_13}}]]
2026-05-18 13:11:09.867949: I tensorflow/core/common_runtime/executor.cc:1197] [/device:CPU:0] (DEBUG INFO) Executor start aborting (this does not indicate an error and you can ignore this message): INVALID_ARGUMENT: You must feed a value for placeholder tensor 'Placeholder/_13' with dtype int64
	 [[{{node Placeholder/_13}}]]
2026-05-18 13:11:09.868232: I tensorflow/core/common_runtime/executor.cc:1197] [/device:CPU:0] (DEBUG INFO) Executor start aborting (this does not indicate an error and you can ignore this message): INVALID_ARGUMENT: You must feed a value for placeholder tensor 'Placeholder/_1' with dtype int32 and shape [2320148]
	 [[{{node Placeholder/_1}}]]
2026-05-18 13:11:09.868317: I tensorflow/core/common_runtime/executor.cc:1197] [/device:CPU:0] (DEBUG INFO) Executor start aborting (this does not indicate an error and you can ignore this message): INVALID_ARGUMENT: You must feed a value for placeholder tensor 'Placeholder/_0' with dtype string and shape [2320148]
	 [[{{node Placeholder/_0}}]]
2026-05-18 13:11:09.869649: I tensorflow/core/common_runtime/executor.cc:1197] [/device:CPU:0] (DEBUG INFO) Executor start aborting (this does not indicate an error and you can ignore this message): INVALID_ARGUMENT: You must feed a value for placeholder tensor 'Placeholder/_0' with dtype string and shape [2320148]
	 [[{{node Placeholder/_0}}]]
2026-05-18 13:11:09.870459: I tensorflow/core/common_runtime/executor.cc:1197] [/device:CPU:0] (DEBUG INFO) Executor start aborting (this does not indicate an error and you can ignore this message): INVALID_ARGUMENT: You must feed a value for placeholder tensor 'Placeholder/_0' with dtype string and shape [2320148]
	 [[{{node Placeholder/_0}}]]
2026-05-18 13:11:09.880218: I tensorflow/core/common_runtime/executor.cc:1197] [/device:CPU:0] (DEBUG INFO) Executor start aborting (this does not indicate an error and you can ignore this message): INVALID_ARGUMENT: You must feed a value for placeholder tensor 'Placeholder/_0' with dtype string and shape [2320148]
	 [[{{node Placeholder/_0}}]]
2026-05-18 13:11:09.882027: I tensorflow/core/common_runtime/executor.cc:1197] [/device:CPU:0] (DEBUG INFO) Executor start aborting (this does not indicate an error and you can ignore this message): INVALID_ARGUMENT: You must feed a value for placeholder tensor 'Placeholder/_14' with dtype string
	 [[{{node Placeholder/_14}}]]
2026-05-18 13:11:09.886659: I tensorflow/core/common_runtime/executor.cc:1197] [/device:CPU:0] (DEBUG INFO) Executor start aborting (this does not indicate an error and you can ignore this message): INVALID_ARGUMENT: You must feed a value for placeholder tensor 'Placeholder/_12' with dtype resource
	 [[{{node Placeholder/_12}}]]
2026-05-18 13:11:09.887733: I tensorflow/core/common_runtime/executor.cc:1197] [/device:CPU:0] (DEBUG INFO) Executor start aborting (this does not indicate an error and you can ignore this message): INVALID_ARGUMENT: You must feed a value for placeholder tensor 'Placeholder/_12' with dtype resource
	 [[{{node Placeholder/_12}}]]
2026-05-18 13:11:09.899678: I tensorflow/core/common_runtime/executor.cc:1197] [/device:CPU:0] (DEBUG INFO) Executor start aborting (this does not indicate an error and you can ignore this message): INVALID_ARGUMENT: You must feed a value for placeholder tensor 'Placeholder/_13' with dtype int64
	 [[{{node Placeholder/_13}}]]
2026-05-18 13:11:09.901921: I tensorflow/core/common_runtime/executor.cc:1197] [/device:CPU:0] (DEBUG INFO) Executor start aborting (this does not indicate an error and you can ignore this message): INVALID_ARGUMENT: You must feed a value for placeholder tensor 'Placeholder/_1' with dtype int32 and shape [2320148]
	 [[{{node Placeholder/_1}}]]
2026-05-18 13:11:09.966287: W tensorflow/core/framework/dataset.cc:807] Input of GeneratorDatasetOp::Dataset will not be optimized because the dataset does not implement the AsGraphDefInternal() method needed to apply optimizations.
2026-05-18 13:11:09.966733: I tensorflow/core/common_runtime/executor.cc:1197] [/device:CPU:0] (DEBUG INFO) Executor start aborting (this does not indicate an error and you can ignore this message): INVALID_ARGUMENT: You must feed a value for placeholder tensor 'Placeholder/_0' with dtype variant
	 [[{{node Placeholder/_0}}]]
2026-05-18 13:11:09.974866: W tensorflow/core/framework/dataset.cc:807] Input of GeneratorDatasetOp::Dataset will not be optimized because the dataset does not implement the AsGraphDefInternal() method needed to apply optimizations.
2026-05-18 13:11:09.975309: I tensorflow/core/common_runtime/executor.cc:1197] [/device:CPU:0] (DEBUG INFO) Executor start aborting (this does not indicate an error and you can ignore this message): INVALID_ARGUMENT: You must feed a value for placeholder tensor 'Placeholder/_0' with dtype variant
	 [[{{node Placeholder/_0}}]]
2026-05-18 13:11:09.978850: W tensorflow/core/framework/dataset.cc:807] Input of GeneratorDatasetOp::Dataset will not be optimized because the dataset does not implement the AsGraphDefInternal() method needed to apply optimizations.
2026-05-18 13:11:09.979316: I tensorflow/core/common_runtime/executor.cc:1197] [/device:CPU:0] (DEBUG INFO) Executor start aborting (this does not indicate an error and you can ignore this message): INVALID_ARGUMENT: You must feed a value for placeholder tensor 'Placeholder/_0' with dtype variant
	 [[{{node Placeholder/_0}}]]
2026-05-18 13:11:09.981626: W tensorflow/core/framework/dataset.cc:807] Input of GeneratorDatasetOp::Dataset will not be optimized because the dataset does not implement the AsGraphDefInternal() method needed to apply optimizations.
2026-05-18 13:11:09.982240: I tensorflow/core/common_runtime/executor.cc:1197] [/device:CPU:0] (DEBUG INFO) Executor start aborting (this does not indicate an error and you can ignore this message): INVALID_ARGUMENT: You must feed a value for placeholder tensor 'Placeholder/_0' with dtype variant
	 [[{{node Placeholder/_0}}]]
2026-05-18 13:11:09.995232: W tensorflow/core/framework/dataset.cc:807] Input of GeneratorDatasetOp::Dataset will not be optimized because the dataset does not implement the AsGraphDefInternal() method needed to apply optimizations.
2026-05-18 13:11:09.995833: W tensorflow/core/framework/dataset.cc:807] Input of GeneratorDatasetOp::Dataset will not be optimized because the dataset does not implement the AsGraphDefInternal() method needed to apply optimizations.
2026-05-18 13:11:09.995833: I tensorflow/core/common_runtime/executor.cc:1197] [/device:CPU:0] (DEBUG INFO) Executor start aborting (this does not indicate an error and you can ignore this message): INVALID_ARGUMENT: You must feed a value for placeholder tensor 'Placeholder/_0' with dtype variant
	 [[{{node Placeholder/_0}}]]
2026-05-18 13:11:09.996286: I tensorflow/core/common_runtime/executor.cc:1197] [/device:CPU:0] (DEBUG INFO) Executor start aborting (this does not indicate an error and you can ignore this message): INVALID_ARGUMENT: You must feed a value for placeholder tensor 'Placeholder/_0' with dtype variant
	 [[{{node Placeholder/_0}}]]
2026-05-18 13:11:10.017745: W tensorflow/core/framework/dataset.cc:807] Input of GeneratorDatasetOp::Dataset will not be optimized because the dataset does not implement the AsGraphDefInternal() method needed to apply optimizations.
2026-05-18 13:11:10.018307: I tensorflow/core/common_runtime/executor.cc:1197] [/device:CPU:0] (DEBUG INFO) Executor start aborting (this does not indicate an error and you can ignore this message): INVALID_ARGUMENT: You must feed a value for placeholder tensor 'Placeholder/_0' with dtype variant
	 [[{{node Placeholder/_0}}]]
2026-05-18 13:11:10.025594: W tensorflow/core/framework/dataset.cc:807] Input of GeneratorDatasetOp::Dataset will not be optimized because the dataset does not implement the AsGraphDefInternal() method needed to apply optimizations.
2026-05-18 13:11:10.026140: I tensorflow/core/common_runtime/executor.cc:1197] [/device:CPU:0] (DEBUG INFO) Executor start aborting (this does not indicate an error and you can ignore this message): INVALID_ARGUMENT: You must feed a value for placeholder tensor 'Placeholder/_0' with dtype variant
	 [[{{node Placeholder/_0}}]]
2026-05-18 15:59:07.354389: I tensorflow/core/common_runtime/executor.cc:1197] [/device:CPU:0] (DEBUG INFO) Executor start aborting (this does not indicate an error and you can ignore this message): INVALID_ARGUMENT: You must feed a value for placeholder tensor 'Placeholder/_10' with dtype int64
	 [[{{node Placeholder/_10}}]]
2026-05-18 15:59:07.355428: I tensorflow/core/common_runtime/executor.cc:1197] [/device:CPU:0] (DEBUG INFO) Executor start aborting (this does not indicate an error and you can ignore this message): INVALID_ARGUMENT: You must feed a value for placeholder tensor 'Placeholder/_7' with dtype resource
	 [[{{node Placeholder/_7}}]]
2026-05-18 15:59:07.355983: I tensorflow/core/common_runtime/executor.cc:1197] [/device:CPU:0] (DEBUG INFO) Executor start aborting (this does not indicate an error and you can ignore this message): INVALID_ARGUMENT: You must feed a value for placeholder tensor 'Placeholder/_8' with dtype int64
	 [[{{node Placeholder/_8}}]]
2026-05-18 15:59:07.356970: I tensorflow/core/common_runtime/executor.cc:1197] [/device:CPU:0] (DEBUG INFO) Executor start aborting (this does not indicate an error and you can ignore this message): INVALID_ARGUMENT: You must feed a value for placeholder tensor 'Placeholder/_7' with dtype resource
	 [[{{node Placeholder/_7}}]]
2026-05-18 15:59:07.359810: I tensorflow/core/common_runtime/executor.cc:1197] [/device:CPU:0] (DEBUG INFO) Executor start aborting (this does not indicate an error and you can ignore this message): INVALID_ARGUMENT: You must feed a value for placeholder tensor 'Placeholder/_10' with dtype int64
	 [[{{node Placeholder/_10}}]]
2026-05-18 15:59:07.360773: I tensorflow/core/common_runtime/executor.cc:1197] [/device:CPU:0] (DEBUG INFO) Executor start aborting (this does not indicate an error and you can ignore this message): INVALID_ARGUMENT: You must feed a value for placeholder tensor 'Placeholder/_9' with dtype string
	 [[{{node Placeholder/_9}}]]
2026-05-18 15:59:07.360869: I tensorflow/core/common_runtime/executor.cc:1197] [/device:CPU:0] (DEBUG INFO) Executor start aborting (this does not indicate an error and you can ignore this message): INVALID_ARGUMENT: You must feed a value for placeholder tensor 'Placeholder/_0' with dtype string and shape [497457]
	 [[{{node Placeholder/_0}}]]
2026-05-18 15:59:07.362066: I tensorflow/core/common_runtime/executor.cc:1197] [/device:CPU:0] (DEBUG INFO) Executor start aborting (this does not indicate an error and you can ignore this message): INVALID_ARGUMENT: You must feed a value for placeholder tensor 'Placeholder/_1' with dtype int32 and shape [497457]
	 [[{{node Placeholder/_1}}]]
2026-05-18 15:59:07.362187: I tensorflow/core/common_runtime/executor.cc:1197] [/device:CPU:0] (DEBUG INFO) Executor start aborting (this does not indicate an error and you can ignore this message): INVALID_ARGUMENT: You must feed a value for placeholder tensor 'Placeholder/_1' with dtype int32 and shape [497457]
	 [[{{node Placeholder/_1}}]]
2026-05-18 15:59:07.362637: I tensorflow/core/common_runtime/executor.cc:1197] [/device:CPU:0] (DEBUG INFO) Executor start aborting (this does not indicate an error and you can ignore this message): INVALID_ARGUMENT: You must feed a value for placeholder tensor 'Placeholder/_9' with dtype string
	 [[{{node Placeholder/_9}}]]
2026-05-18 15:59:07.363517: I tensorflow/core/common_runtime/executor.cc:1197] [/device:CPU:0] (DEBUG INFO) Executor start aborting (this does not indicate an error and you can ignore this message): INVALID_ARGUMENT: You must feed a value for placeholder tensor 'Placeholder/_10' with dtype int64
	 [[{{node Placeholder/_10}}]]
2026-05-18 15:59:07.363870: I tensorflow/core/common_runtime/executor.cc:1197] [/device:CPU:0] (DEBUG INFO) Executor start aborting (this does not indicate an error and you can ignore this message): INVALID_ARGUMENT: You must feed a value for placeholder tensor 'Placeholder/_7' with dtype resource
	 [[{{node Placeholder/_7}}]]
2026-05-18 15:59:07.365710: I tensorflow/core/common_runtime/executor.cc:1197] [/device:CPU:0] (DEBUG INFO) Executor start aborting (this does not indicate an error and you can ignore this message): INVALID_ARGUMENT: You must feed a value for placeholder tensor 'Placeholder/_1' with dtype int32 and shape [497457]
	 [[{{node Placeholder/_1}}]]
2026-05-18 15:59:07.366817: I tensorflow/core/common_runtime/executor.cc:1197] [/device:CPU:0] (DEBUG INFO) Executor start aborting (this does not indicate an error and you can ignore this message): INVALID_ARGUMENT: You must feed a value for placeholder tensor 'Placeholder/_7' with dtype resource
	 [[{{node Placeholder/_7}}]]
2026-05-18 15:59:07.369264: I tensorflow/core/common_runtime/executor.cc:1197] [/device:CPU:0] (DEBUG INFO) Executor start aborting (this does not indicate an error and you can ignore this message): INVALID_ARGUMENT: You must feed a value for placeholder tensor 'Placeholder/_8' with dtype int64
	 [[{{node Placeholder/_8}}]]
2026-05-18 15:59:07.370722: I tensorflow/core/common_runtime/executor.cc:1197] [/device:CPU:0] (DEBUG INFO) Executor start aborting (this does not indicate an error and you can ignore this message): INVALID_ARGUMENT: You must feed a value for placeholder tensor 'Placeholder/_8' with dtype int64
	 [[{{node Placeholder/_8}}]]
2026-05-18 15:59:07.458313: W tensorflow/core/framework/dataset.cc:807] Input of GeneratorDatasetOp::Dataset will not be optimized because the dataset does not implement the AsGraphDefInternal() method needed to apply optimizations.
2026-05-18 15:59:07.458868: I tensorflow/core/common_runtime/executor.cc:1197] [/device:CPU:0] (DEBUG INFO) Executor start aborting (this does not indicate an error and you can ignore this message): INVALID_ARGUMENT: You must feed a value for placeholder tensor 'Placeholder/_0' with dtype variant
	 [[{{node Placeholder/_0}}]]
2026-05-18 15:59:07.461004: W tensorflow/core/framework/dataset.cc:807] Input of GeneratorDatasetOp::Dataset will not be optimized because the dataset does not implement the AsGraphDefInternal() method needed to apply optimizations.
2026-05-18 15:59:07.461548: I tensorflow/core/common_runtime/executor.cc:1197] [/device:CPU:0] (DEBUG INFO) Executor start aborting (this does not indicate an error and you can ignore this message): INVALID_ARGUMENT: You must feed a value for placeholder tensor 'Placeholder/_0' with dtype variant
	 [[{{node Placeholder/_0}}]]
2026-05-18 15:59:07.462464: W tensorflow/core/framework/dataset.cc:807] Input of GeneratorDatasetOp::Dataset will not be optimized because the dataset does not implement the AsGraphDefInternal() method needed to apply optimizations.
2026-05-18 15:59:07.463007: I tensorflow/core/common_runtime/executor.cc:1197] [/device:CPU:0] (DEBUG INFO) Executor start aborting (this does not indicate an error and you can ignore this message): INVALID_ARGUMENT: You must feed a value for placeholder tensor 'Placeholder/_0' with dtype variant
	 [[{{node Placeholder/_0}}]]
2026-05-18 15:59:07.474297: W tensorflow/core/framework/dataset.cc:807] Input of GeneratorDatasetOp::Dataset will not be optimized because the dataset does not implement the AsGraphDefInternal() method needed to apply optimizations.
2026-05-18 15:59:07.474997: I tensorflow/core/common_runtime/executor.cc:1197] [/device:CPU:0] (DEBUG INFO) Executor start aborting (this does not indicate an error and you can ignore this message): INVALID_ARGUMENT: You must feed a value for placeholder tensor 'Placeholder/_0' with dtype variant
	 [[{{node Placeholder/_0}}]]
2026-05-18 15:59:07.487577: W tensorflow/core/framework/dataset.cc:807] Input of GeneratorDatasetOp::Dataset will not be optimized because the dataset does not implement the AsGraphDefInternal() method needed to apply optimizations.
2026-05-18 15:59:07.488296: I tensorflow/core/common_runtime/executor.cc:1197] [/device:CPU:0] (DEBUG INFO) Executor start aborting (this does not indicate an error and you can ignore this message): INVALID_ARGUMENT: You must feed a value for placeholder tensor 'Placeholder/_0' with dtype variant
	 [[{{node Placeholder/_0}}]]
2026-05-18 15:59:07.488411: W tensorflow/core/framework/dataset.cc:807] Input of GeneratorDatasetOp::Dataset will not be optimized because the dataset does not implement the AsGraphDefInternal() method needed to apply optimizations.
2026-05-18 15:59:07.489048: I tensorflow/core/common_runtime/executor.cc:1197] [/device:CPU:0] (DEBUG INFO) Executor start aborting (this does not indicate an error and you can ignore this message): INVALID_ARGUMENT: You must feed a value for placeholder tensor 'Placeholder/_0' with dtype variant
	 [[{{node Placeholder/_0}}]]
2026-05-18 15:59:07.493624: W tensorflow/core/framework/dataset.cc:807] Input of GeneratorDatasetOp::Dataset will not be optimized because the dataset does not implement the AsGraphDefInternal() method needed to apply optimizations.
2026-05-18 15:59:07.494233: I tensorflow/core/common_runtime/executor.cc:1197] [/device:CPU:0] (DEBUG INFO) Executor start aborting (this does not indicate an error and you can ignore this message): INVALID_ARGUMENT: You must feed a value for placeholder tensor 'Placeholder/_0' with dtype variant
	 [[{{node Placeholder/_0}}]]
2026-05-18 15:59:07.500234: I tensorflow/core/common_runtime/executor.cc:1197] [/device:CPU:0] (DEBUG INFO) Executor start aborting (this does not indicate an error and you can ignore this message): INVALID_ARGUMENT: You must feed a value for placeholder tensor 'Placeholder/_7' with dtype resource
	 [[{{node Placeholder/_7}}]]
2026-05-18 15:59:07.501140: I tensorflow/core/common_runtime/executor.cc:1197] [/device:CPU:0] (DEBUG INFO) Executor start aborting (this does not indicate an error and you can ignore this message): INVALID_ARGUMENT: You must feed a value for placeholder tensor 'Placeholder/_1' with dtype int32 and shape [497457]
	 [[{{node Placeholder/_1}}]]
2026-05-18 15:59:07.501389: I tensorflow/core/common_runtime/executor.cc:1197] [/device:CPU:0] (DEBUG INFO) Executor start aborting (this does not indicate an error and you can ignore this message): INVALID_ARGUMENT: You must feed a value for placeholder tensor 'Placeholder/_1' with dtype int32 and shape [497457]
	 [[{{node Placeholder/_1}}]]
2026-05-18 15:59:07.502256: I tensorflow/core/common_runtime/executor.cc:1197] [/device:CPU:0] (DEBUG INFO) Executor start aborting (this does not indicate an error and you can ignore this message): INVALID_ARGUMENT: You must feed a value for placeholder tensor 'Placeholder/_1' with dtype int32 and shape [497457]
	 [[{{node Placeholder/_1}}]]
2026-05-18 15:59:07.503593: I tensorflow/core/common_runtime/executor.cc:1197] [/device:CPU:0] (DEBUG INFO) Executor start aborting (this does not indicate an error and you can ignore this message): INVALID_ARGUMENT: You must feed a value for placeholder tensor 'Placeholder/_9' with dtype string
	 [[{{node Placeholder/_9}}]]
2026-05-18 15:59:07.504778: I tensorflow/core/common_runtime/executor.cc:1197] [/device:CPU:0] (DEBUG INFO) Executor start aborting (this does not indicate an error and you can ignore this message): INVALID_ARGUMENT: You must feed a value for placeholder tensor 'Placeholder/_7' with dtype resource
	 [[{{node Placeholder/_7}}]]
2026-05-18 15:59:07.508490: W tensorflow/core/framework/dataset.cc:807] Input of GeneratorDatasetOp::Dataset will not be optimized because the dataset does not implement the AsGraphDefInternal() method needed to apply optimizations.
2026-05-18 15:59:07.509117: I tensorflow/core/common_runtime/executor.cc:1197] [/device:CPU:0] (DEBUG INFO) Executor start aborting (this does not indicate an error and you can ignore this message): INVALID_ARGUMENT: You must feed a value for placeholder tensor 'Placeholder/_0' with dtype variant
	 [[{{node Placeholder/_0}}]]
2026-05-18 15:59:07.516663: I tensorflow/core/common_runtime/executor.cc:1197] [/device:CPU:0] (DEBUG INFO) Executor start aborting (this does not indicate an error and you can ignore this message): INVALID_ARGUMENT: You must feed a value for placeholder tensor 'Placeholder/_7' with dtype resource
	 [[{{node Placeholder/_7}}]]
2026-05-18 15:59:07.517434: I tensorflow/core/common_runtime/executor.cc:1197] [/device:CPU:0] (DEBUG INFO) Executor start aborting (this does not indicate an error and you can ignore this message): INVALID_ARGUMENT: You must feed a value for placeholder tensor 'Placeholder/_1' with dtype int32 and shape [497457]
	 [[{{node Placeholder/_1}}]]
2026-05-18 15:59:07.528783: I tensorflow/core/common_runtime/executor.cc:1197] [/device:CPU:0] (DEBUG INFO) Executor start aborting (this does not indicate an error and you can ignore this message): INVALID_ARGUMENT: You must feed a value for placeholder tensor 'Placeholder/_8' with dtype int64
	 [[{{node Placeholder/_8}}]]
2026-05-18 15:59:07.529567: I tensorflow/core/common_runtime/executor.cc:1197] [/device:CPU:0] (DEBUG INFO) Executor start aborting (this does not indicate an error and you can ignore this message): INVALID_ARGUMENT: You must feed a value for placeholder tensor 'Placeholder/_9' with dtype string
	 [[{{node Placeholder/_9}}]]
2026-05-18 15:59:07.533090: I tensorflow/core/common_runtime/executor.cc:1197] [/device:CPU:0] (DEBUG INFO) Executor start aborting (this does not indicate an error and you can ignore this message): INVALID_ARGUMENT: You must feed a value for placeholder tensor 'Placeholder/_9' with dtype string
	 [[{{node Placeholder/_9}}]]
2026-05-18 15:59:07.533942: I tensorflow/core/common_runtime/executor.cc:1197] [/device:CPU:0] (DEBUG INFO) Executor start aborting (this does not indicate an error and you can ignore this message): INVALID_ARGUMENT: You must feed a value for placeholder tensor 'Placeholder/_7' with dtype resource
	 [[{{node Placeholder/_7}}]]
2026-05-18 15:59:07.536694: I tensorflow/core/common_runtime/executor.cc:1197] [/device:CPU:0] (DEBUG INFO) Executor start aborting (this does not indicate an error and you can ignore this message): INVALID_ARGUMENT: You must feed a value for placeholder tensor 'Placeholder/_9' with dtype string
	 [[{{node Placeholder/_9}}]]
2026-05-18 15:59:07.537744: I tensorflow/core/common_runtime/executor.cc:1197] [/device:CPU:0] (DEBUG INFO) Executor start aborting (this does not indicate an error and you can ignore this message): INVALID_ARGUMENT: You must feed a value for placeholder tensor 'Placeholder/_10' with dtype int64
	 [[{{node Placeholder/_10}}]]
2026-05-18 15:59:07.553393: I tensorflow/core/common_runtime/executor.cc:1197] [/device:CPU:0] (DEBUG INFO) Executor start aborting (this does not indicate an error and you can ignore this message): INVALID_ARGUMENT: You must feed a value for placeholder tensor 'Placeholder/_1' with dtype int32 and shape [497457]
	 [[{{node Placeholder/_1}}]]
2026-05-18 15:59:07.554278: I tensorflow/core/common_runtime/executor.cc:1197] [/device:CPU:0] (DEBUG INFO) Executor start aborting (this does not indicate an error and you can ignore this message): INVALID_ARGUMENT: You must feed a value for placeholder tensor 'Placeholder/_7' with dtype resource
	 [[{{node Placeholder/_7}}]]
2026-05-18 15:59:07.596465: I tensorflow/core/common_runtime/executor.cc:1197] [/device:CPU:0] (DEBUG INFO) Executor start aborting (this does not indicate an error and you can ignore this message): INVALID_ARGUMENT: You must feed a value for placeholder tensor 'Placeholder/_0' with dtype variant
	 [[{{node Placeholder/_0}}]]
2026-05-18 15:59:07.599872: I tensorflow/core/common_runtime/executor.cc:1197] [/device:CPU:0] (DEBUG INFO) Executor start aborting (this does not indicate an error and you can ignore this message): INVALID_ARGUMENT: You must feed a value for placeholder tensor 'Placeholder/_0' with dtype variant
	 [[{{node Placeholder/_0}}]]
2026-05-18 15:59:07.610573: I tensorflow/core/common_runtime/executor.cc:1197] [/device:CPU:0] (DEBUG INFO) Executor start aborting (this does not indicate an error and you can ignore this message): INVALID_ARGUMENT: You must feed a value for placeholder tensor 'Placeholder/_0' with dtype variant
	 [[{{node Placeholder/_0}}]]
2026-05-18 15:59:07.612410: I tensorflow/core/common_runtime/executor.cc:1197] [/device:CPU:0] (DEBUG INFO) Executor start aborting (this does not indicate an error and you can ignore this message): INVALID_ARGUMENT: You must feed a value for placeholder tensor 'Placeholder/_0' with dtype variant
	 [[{{node Placeholder/_0}}]]
2026-05-18 15:59:07.624457: I tensorflow/core/common_runtime/executor.cc:1197] [/device:CPU:0] (DEBUG INFO) Executor start aborting (this does not indicate an error and you can ignore this message): INVALID_ARGUMENT: You must feed a value for placeholder tensor 'Placeholder/_0' with dtype variant
	 [[{{node Placeholder/_0}}]]
2026-05-18 15:59:07.628495: I tensorflow/core/common_runtime/executor.cc:1197] [/device:CPU:0] (DEBUG INFO) Executor start aborting (this does not indicate an error and you can ignore this message): INVALID_ARGUMENT: You must feed a value for placeholder tensor 'Placeholder/_0' with dtype variant
	 [[{{node Placeholder/_0}}]]
2026-05-18 15:59:07.634236: I tensorflow/core/common_runtime/executor.cc:1197] [/device:CPU:0] (DEBUG INFO) Executor start aborting (this does not indicate an error and you can ignore this message): INVALID_ARGUMENT: You must feed a value for placeholder tensor 'Placeholder/_0' with dtype variant
	 [[{{node Placeholder/_0}}]]
2026-05-18 15:59:07.649845: I tensorflow/core/common_runtime/executor.cc:1197] [/device:CPU:0] (DEBUG INFO) Executor start aborting (this does not indicate an error and you can ignore this message): INVALID_ARGUMENT: You must feed a value for placeholder tensor 'Placeholder/_0' with dtype variant
	 [[{{node Placeholder/_0}}]]
2026-05-18 16:06:34.299652: I tensorflow/core/common_runtime/executor.cc:1197] [/device:CPU:0] (DEBUG INFO) Executor start aborting (this does not indicate an error and you can ignore this message): INVALID_ARGUMENT: You must feed a value for placeholder tensor 'Placeholder/_0' with dtype string and shape [2320148]
	 [[{{node Placeholder/_0}}]]
2026-05-18 16:06:34.300394: I tensorflow/core/common_runtime/executor.cc:1197] [/device:CPU:0] (DEBUG INFO) Executor start aborting (this does not indicate an error and you can ignore this message): INVALID_ARGUMENT: You must feed a value for placeholder tensor 'Placeholder/_14' with dtype string
	 [[{{node Placeholder/_14}}]]
2026-05-18 16:06:34.306778: I tensorflow/core/common_runtime/executor.cc:1197] [/device:CPU:0] (DEBUG INFO) Executor start aborting (this does not indicate an error and you can ignore this message): INVALID_ARGUMENT: You must feed a value for placeholder tensor 'Placeholder/_0' with dtype string and shape [2320148]
	 [[{{node Placeholder/_0}}]]
2026-05-18 16:06:34.307098: I tensorflow/core/common_runtime/executor.cc:1197] [/device:CPU:0] (DEBUG INFO) Executor start aborting (this does not indicate an error and you can ignore this message): INVALID_ARGUMENT: You must feed a value for placeholder tensor 'Placeholder/_1' with dtype int32 and shape [2320148]
	 [[{{node Placeholder/_1}}]]
2026-05-18 16:06:34.307730: I tensorflow/core/common_runtime/executor.cc:1197] [/device:CPU:0] (DEBUG INFO) Executor start aborting (this does not indicate an error and you can ignore this message): INVALID_ARGUMENT: You must feed a value for placeholder tensor 'Placeholder/_13' with dtype int64
	 [[{{node Placeholder/_13}}]]
2026-05-18 16:06:34.307847: I tensorflow/core/common_runtime/executor.cc:1197] [/device:CPU:0] (DEBUG INFO) Executor start aborting (this does not indicate an error and you can ignore this message): INVALID_ARGUMENT: You must feed a value for placeholder tensor 'Placeholder/_13' with dtype int64
	 [[{{node Placeholder/_13}}]]
2026-05-18 16:06:34.310906: I tensorflow/core/common_runtime/executor.cc:1197] [/device:CPU:0] (DEBUG INFO) Executor start aborting (this does not indicate an error and you can ignore this message): INVALID_ARGUMENT: You must feed a value for placeholder tensor 'Placeholder/_12' with dtype resource
	 [[{{node Placeholder/_12}}]]
2026-05-18 16:06:34.311882: I tensorflow/core/common_runtime/executor.cc:1197] [/device:CPU:0] (DEBUG INFO) Executor start aborting (this does not indicate an error and you can ignore this message): INVALID_ARGUMENT: You must feed a value for placeholder tensor 'Placeholder/_12' with dtype resource
	 [[{{node Placeholder/_12}}]]
2026-05-18 16:06:34.312085: I tensorflow/core/common_runtime/executor.cc:1197] [/device:CPU:0] (DEBUG INFO) Executor start aborting (this does not indicate an error and you can ignore this message): INVALID_ARGUMENT: You must feed a value for placeholder tensor 'Placeholder/_1' with dtype int32 and shape [2320148]
	 [[{{node Placeholder/_1}}]]
2026-05-18 16:06:34.312110: I tensorflow/core/common_runtime/executor.cc:1197] [/device:CPU:0] (DEBUG INFO) Executor start aborting (this does not indicate an error and you can ignore this message): INVALID_ARGUMENT: You must feed a value for placeholder tensor 'Placeholder/_12' with dtype resource
	 [[{{node Placeholder/_12}}]]
2026-05-18 16:06:34.313137: I tensorflow/core/common_runtime/executor.cc:1197] [/device:CPU:0] (DEBUG INFO) Executor start aborting (this does not indicate an error and you can ignore this message): INVALID_ARGUMENT: You must feed a value for placeholder tensor 'Placeholder/_13' with dtype int64
	 [[{{node Placeholder/_13}}]]
2026-05-18 16:06:34.313163: I tensorflow/core/common_runtime/executor.cc:1197] [/device:CPU:0] (DEBUG INFO) Executor start aborting (this does not indicate an error and you can ignore this message): INVALID_ARGUMENT: You must feed a value for placeholder tensor 'Placeholder/_0' with dtype string and shape [2320148]
	 [[{{node Placeholder/_0}}]]
2026-05-18 16:06:34.314772: I tensorflow/core/common_runtime/executor.cc:1197] [/device:CPU:0] (DEBUG INFO) Executor start aborting (this does not indicate an error and you can ignore this message): INVALID_ARGUMENT: You must feed a value for placeholder tensor 'Placeholder/_15' with dtype int64
	 [[{{node Placeholder/_15}}]]
2026-05-18 16:06:34.315867: I tensorflow/core/common_runtime/executor.cc:1197] [/device:CPU:0] (DEBUG INFO) Executor start aborting (this does not indicate an error and you can ignore this message): INVALID_ARGUMENT: You must feed a value for placeholder tensor 'Placeholder/_12' with dtype resource
	 [[{{node Placeholder/_12}}]]
2026-05-18 16:06:34.340730: I tensorflow/core/common_runtime/executor.cc:1197] [/device:CPU:0] (DEBUG INFO) Executor start aborting (this does not indicate an error and you can ignore this message): INVALID_ARGUMENT: You must feed a value for placeholder tensor 'Placeholder/_13' with dtype int64
	 [[{{node Placeholder/_13}}]]
2026-05-18 16:06:34.347804: I tensorflow/core/common_runtime/executor.cc:1197] [/device:CPU:0] (DEBUG INFO) Executor start aborting (this does not indicate an error and you can ignore this message): INVALID_ARGUMENT: You must feed a value for placeholder tensor 'Placeholder/_12' with dtype resource
	 [[{{node Placeholder/_12}}]]
2026-05-18 16:06:34.402166: W tensorflow/core/framework/dataset.cc:807] Input of GeneratorDatasetOp::Dataset will not be optimized because the dataset does not implement the AsGraphDefInternal() method needed to apply optimizations.
2026-05-18 16:06:34.402602: I tensorflow/core/common_runtime/executor.cc:1197] [/device:CPU:0] (DEBUG INFO) Executor start aborting (this does not indicate an error and you can ignore this message): INVALID_ARGUMENT: You must feed a value for placeholder tensor 'Placeholder/_0' with dtype variant
	 [[{{node Placeholder/_0}}]]
2026-05-18 16:06:34.409259: W tensorflow/core/framework/dataset.cc:807] Input of GeneratorDatasetOp::Dataset will not be optimized because the dataset does not implement the AsGraphDefInternal() method needed to apply optimizations.
2026-05-18 16:06:34.409706: I tensorflow/core/common_runtime/executor.cc:1197] [/device:CPU:0] (DEBUG INFO) Executor start aborting (this does not indicate an error and you can ignore this message): INVALID_ARGUMENT: You must feed a value for placeholder tensor 'Placeholder/_0' with dtype variant
	 [[{{node Placeholder/_0}}]]
2026-05-18 16:06:34.437236: W tensorflow/core/framework/dataset.cc:807] Input of GeneratorDatasetOp::Dataset will not be optimized because the dataset does not implement the AsGraphDefInternal() method needed to apply optimizations.
2026-05-18 16:06:34.437836: I tensorflow/core/common_runtime/executor.cc:1197] [/device:CPU:0] (DEBUG INFO) Executor start aborting (this does not indicate an error and you can ignore this message): INVALID_ARGUMENT: You must feed a value for placeholder tensor 'Placeholder/_0' with dtype variant
	 [[{{node Placeholder/_0}}]]
2026-05-18 16:06:34.438320: W tensorflow/core/framework/dataset.cc:807] Input of GeneratorDatasetOp::Dataset will not be optimized because the dataset does not implement the AsGraphDefInternal() method needed to apply optimizations.
2026-05-18 16:06:34.439165: I tensorflow/core/common_runtime/executor.cc:1197] [/device:CPU:0] (DEBUG INFO) Executor start aborting (this does not indicate an error and you can ignore this message): INVALID_ARGUMENT: You must feed a value for placeholder tensor 'Placeholder/_0' with dtype variant
	 [[{{node Placeholder/_0}}]]
2026-05-18 16:06:34.440102: W tensorflow/core/framework/dataset.cc:807] Input of GeneratorDatasetOp::Dataset will not be optimized because the dataset does not implement the AsGraphDefInternal() method needed to apply optimizations.
2026-05-18 16:06:34.440966: I tensorflow/core/common_runtime/executor.cc:1197] [/device:CPU:0] (DEBUG INFO) Executor start aborting (this does not indicate an error and you can ignore this message): INVALID_ARGUMENT: You must feed a value for placeholder tensor 'Placeholder/_0' with dtype variant
	 [[{{node Placeholder/_0}}]]
2026-05-18 16:06:34.441862: W tensorflow/core/framework/dataset.cc:807] Input of GeneratorDatasetOp::Dataset will not be optimized because the dataset does not implement the AsGraphDefInternal() method needed to apply optimizations.
2026-05-18 16:06:34.442725: I tensorflow/core/common_runtime/executor.cc:1197] [/device:CPU:0] (DEBUG INFO) Executor start aborting (this does not indicate an error and you can ignore this message): INVALID_ARGUMENT: You must feed a value for placeholder tensor 'Placeholder/_0' with dtype variant
	 [[{{node Placeholder/_0}}]]
2026-05-18 16:06:34.443713: W tensorflow/core/framework/dataset.cc:807] Input of GeneratorDatasetOp::Dataset will not be optimized because the dataset does not implement the AsGraphDefInternal() method needed to apply optimizations.
2026-05-18 16:06:34.444566: I tensorflow/core/common_runtime/executor.cc:1197] [/device:CPU:0] (DEBUG INFO) Executor start aborting (this does not indicate an error and you can ignore this message): INVALID_ARGUMENT: You must feed a value for placeholder tensor 'Placeholder/_0' with dtype variant
	 [[{{node Placeholder/_0}}]]
2026-05-18 16:06:34.457634: W tensorflow/core/framework/dataset.cc:807] Input of GeneratorDatasetOp::Dataset will not be optimized because the dataset does not implement the AsGraphDefInternal() method needed to apply optimizations.
2026-05-18 16:06:34.458140: I tensorflow/core/common_runtime/executor.cc:1197] [/device:CPU:0] (DEBUG INFO) Executor start aborting (this does not indicate an error and you can ignore this message): INVALID_ARGUMENT: You must feed a value for placeholder tensor 'Placeholder/_0' with dtype variant
	 [[{{node Placeholder/_0}}]]
2026-05-18 18:54:24.780854: I tensorflow/core/common_runtime/executor.cc:1197] [/device:CPU:0] (DEBUG INFO) Executor start aborting (this does not indicate an error and you can ignore this message): INVALID_ARGUMENT: You must feed a value for placeholder tensor 'Placeholder/_8' with dtype int64
	 [[{{node Placeholder/_8}}]]
2026-05-18 18:54:24.782349: I tensorflow/core/common_runtime/executor.cc:1197] [/device:CPU:0] (DEBUG INFO) Executor start aborting (this does not indicate an error and you can ignore this message): INVALID_ARGUMENT: You must feed a value for placeholder tensor 'Placeholder/_9' with dtype string
	 [[{{node Placeholder/_9}}]]
2026-05-18 18:54:24.782589: I tensorflow/core/common_runtime/executor.cc:1197] [/device:CPU:0] (DEBUG INFO) Executor start aborting (this does not indicate an error and you can ignore this message): INVALID_ARGUMENT: You must feed a value for placeholder tensor 'Placeholder/_8' with dtype int64
	 [[{{node Placeholder/_8}}]]
2026-05-18 18:54:24.783597: I tensorflow/core/common_runtime/executor.cc:1197] [/device:CPU:0] (DEBUG INFO) Executor start aborting (this does not indicate an error and you can ignore this message): INVALID_ARGUMENT: You must feed a value for placeholder tensor 'Placeholder/_9' with dtype string
	 [[{{node Placeholder/_9}}]]
2026-05-18 18:54:24.786127: I tensorflow/core/common_runtime/executor.cc:1197] [/device:CPU:0] (DEBUG INFO) Executor start aborting (this does not indicate an error and you can ignore this message): INVALID_ARGUMENT: You must feed a value for placeholder tensor 'Placeholder/_1' with dtype int32 and shape [497457]
	 [[{{node Placeholder/_1}}]]
2026-05-18 18:54:24.787970: I tensorflow/core/common_runtime/executor.cc:1197] [/device:CPU:0] (DEBUG INFO) Executor start aborting (this does not indicate an error and you can ignore this message): INVALID_ARGUMENT: You must feed a value for placeholder tensor 'Placeholder/_0' with dtype string and shape [497457]
	 [[{{node Placeholder/_0}}]]
2026-05-18 18:54:24.789057: I tensorflow/core/common_runtime/executor.cc:1197] [/device:CPU:0] (DEBUG INFO) Executor start aborting (this does not indicate an error and you can ignore this message): INVALID_ARGUMENT: You must feed a value for placeholder tensor 'Placeholder/_7' with dtype resource
	 [[{{node Placeholder/_7}}]]
2026-05-18 18:54:24.790314: I tensorflow/core/common_runtime/executor.cc:1197] [/device:CPU:0] (DEBUG INFO) Executor start aborting (this does not indicate an error and you can ignore this message): INVALID_ARGUMENT: You must feed a value for placeholder tensor 'Placeholder/_8' with dtype int64
	 [[{{node Placeholder/_8}}]]
2026-05-18 18:54:24.790502: I tensorflow/core/common_runtime/executor.cc:1197] [/device:CPU:0] (DEBUG INFO) Executor start aborting (this does not indicate an error and you can ignore this message): INVALID_ARGUMENT: You must feed a value for placeholder tensor 'Placeholder/_9' with dtype string
	 [[{{node Placeholder/_9}}]]
2026-05-18 18:54:24.790616: I tensorflow/core/common_runtime/executor.cc:1197] [/device:CPU:0] (DEBUG INFO) Executor start aborting (this does not indicate an error and you can ignore this message): INVALID_ARGUMENT: You must feed a value for placeholder tensor 'Placeholder/_10' with dtype int64
	 [[{{node Placeholder/_10}}]]
2026-05-18 18:54:24.791571: I tensorflow/core/common_runtime/executor.cc:1197] [/device:CPU:0] (DEBUG INFO) Executor start aborting (this does not indicate an error and you can ignore this message): INVALID_ARGUMENT: You must feed a value for placeholder tensor 'Placeholder/_7' with dtype resource
	 [[{{node Placeholder/_7}}]]
2026-05-18 18:54:24.792014: I tensorflow/core/common_runtime/executor.cc:1197] [/device:CPU:0] (DEBUG INFO) Executor start aborting (this does not indicate an error and you can ignore this message): INVALID_ARGUMENT: You must feed a value for placeholder tensor 'Placeholder/_9' with dtype string
	 [[{{node Placeholder/_9}}]]
2026-05-18 18:54:24.792873: I tensorflow/core/common_runtime/executor.cc:1197] [/device:CPU:0] (DEBUG INFO) Executor start aborting (this does not indicate an error and you can ignore this message): INVALID_ARGUMENT: You must feed a value for placeholder tensor 'Placeholder/_1' with dtype int32 and shape [497457]
	 [[{{node Placeholder/_1}}]]
2026-05-18 18:54:24.794286: I tensorflow/core/common_runtime/executor.cc:1197] [/device:CPU:0] (DEBUG INFO) Executor start aborting (this does not indicate an error and you can ignore this message): INVALID_ARGUMENT: You must feed a value for placeholder tensor 'Placeholder/_0' with dtype string and shape [497457]
	 [[{{node Placeholder/_0}}]]
2026-05-18 18:54:24.795658: I tensorflow/core/common_runtime/executor.cc:1197] [/device:CPU:0] (DEBUG INFO) Executor start aborting (this does not indicate an error and you can ignore this message): INVALID_ARGUMENT: You must feed a value for placeholder tensor 'Placeholder/_8' with dtype int64
	 [[{{node Placeholder/_8}}]]
2026-05-18 18:54:24.797548: I tensorflow/core/common_runtime/executor.cc:1197] [/device:CPU:0] (DEBUG INFO) Executor start aborting (this does not indicate an error and you can ignore this message): INVALID_ARGUMENT: You must feed a value for placeholder tensor 'Placeholder/_1' with dtype int32 and shape [497457]
	 [[{{node Placeholder/_1}}]]
2026-05-18 18:54:24.899524: W tensorflow/core/framework/dataset.cc:807] Input of GeneratorDatasetOp::Dataset will not be optimized because the dataset does not implement the AsGraphDefInternal() method needed to apply optimizations.
2026-05-18 18:54:24.900093: I tensorflow/core/common_runtime/executor.cc:1197] [/device:CPU:0] (DEBUG INFO) Executor start aborting (this does not indicate an error and you can ignore this message): INVALID_ARGUMENT: You must feed a value for placeholder tensor 'Placeholder/_0' with dtype variant
	 [[{{node Placeholder/_0}}]]
2026-05-18 18:54:24.903033: W tensorflow/core/framework/dataset.cc:807] Input of GeneratorDatasetOp::Dataset will not be optimized because the dataset does not implement the AsGraphDefInternal() method needed to apply optimizations.
2026-05-18 18:54:24.903745: W tensorflow/core/framework/dataset.cc:807] Input of GeneratorDatasetOp::Dataset will not be optimized because the dataset does not implement the AsGraphDefInternal() method needed to apply optimizations.
2026-05-18 18:54:24.903889: I tensorflow/core/common_runtime/executor.cc:1197] [/device:CPU:0] (DEBUG INFO) Executor start aborting (this does not indicate an error and you can ignore this message): INVALID_ARGUMENT: You must feed a value for placeholder tensor 'Placeholder/_0' with dtype variant
	 [[{{node Placeholder/_0}}]]
2026-05-18 18:54:24.904368: I tensorflow/core/common_runtime/executor.cc:1197] [/device:CPU:0] (DEBUG INFO) Executor start aborting (this does not indicate an error and you can ignore this message): INVALID_ARGUMENT: You must feed a value for placeholder tensor 'Placeholder/_0' with dtype variant
	 [[{{node Placeholder/_0}}]]
2026-05-18 18:54:24.912008: W tensorflow/core/framework/dataset.cc:807] Input of GeneratorDatasetOp::Dataset will not be optimized because the dataset does not implement the AsGraphDefInternal() method needed to apply optimizations.
2026-05-18 18:54:24.912571: I tensorflow/core/common_runtime/executor.cc:1197] [/device:CPU:0] (DEBUG INFO) Executor start aborting (this does not indicate an error and you can ignore this message): INVALID_ARGUMENT: You must feed a value for placeholder tensor 'Placeholder/_0' with dtype variant
	 [[{{node Placeholder/_0}}]]
2026-05-18 18:54:24.914437: W tensorflow/core/framework/dataset.cc:807] Input of GeneratorDatasetOp::Dataset will not be optimized because the dataset does not implement the AsGraphDefInternal() method needed to apply optimizations.
2026-05-18 18:54:24.914520: W tensorflow/core/framework/dataset.cc:807] Input of GeneratorDatasetOp::Dataset will not be optimized because the dataset does not implement the AsGraphDefInternal() method needed to apply optimizations.
2026-05-18 18:54:24.915097: I tensorflow/core/common_runtime/executor.cc:1197] [/device:CPU:0] (DEBUG INFO) Executor start aborting (this does not indicate an error and you can ignore this message): INVALID_ARGUMENT: You must feed a value for placeholder tensor 'Placeholder/_0' with dtype variant
	 [[{{node Placeholder/_0}}]]
2026-05-18 18:54:24.915150: I tensorflow/core/common_runtime/executor.cc:1197] [/device:CPU:0] (DEBUG INFO) Executor start aborting (this does not indicate an error and you can ignore this message): INVALID_ARGUMENT: You must feed a value for placeholder tensor 'Placeholder/_0' with dtype variant
	 [[{{node Placeholder/_0}}]]
2026-05-18 18:54:24.919697: W tensorflow/core/framework/dataset.cc:807] Input of GeneratorDatasetOp::Dataset will not be optimized because the dataset does not implement the AsGraphDefInternal() method needed to apply optimizations.
2026-05-18 18:54:24.920269: I tensorflow/core/common_runtime/executor.cc:1197] [/device:CPU:0] (DEBUG INFO) Executor start aborting (this does not indicate an error and you can ignore this message): INVALID_ARGUMENT: You must feed a value for placeholder tensor 'Placeholder/_0' with dtype variant
	 [[{{node Placeholder/_0}}]]
2026-05-18 18:54:24.934965: W tensorflow/core/framework/dataset.cc:807] Input of GeneratorDatasetOp::Dataset will not be optimized because the dataset does not implement the AsGraphDefInternal() method needed to apply optimizations.
2026-05-18 18:54:24.935619: I tensorflow/core/common_runtime/executor.cc:1197] [/device:CPU:0] (DEBUG INFO) Executor start aborting (this does not indicate an error and you can ignore this message): INVALID_ARGUMENT: You must feed a value for placeholder tensor 'Placeholder/_0' with dtype variant
	 [[{{node Placeholder/_0}}]]
2026-05-18 18:54:24.939905: I tensorflow/core/common_runtime/executor.cc:1197] [/device:CPU:0] (DEBUG INFO) Executor start aborting (this does not indicate an error and you can ignore this message): INVALID_ARGUMENT: You must feed a value for placeholder tensor 'Placeholder/_7' with dtype resource
	 [[{{node Placeholder/_7}}]]
2026-05-18 18:54:24.940698: I tensorflow/core/common_runtime/executor.cc:1197] [/device:CPU:0] (DEBUG INFO) Executor start aborting (this does not indicate an error and you can ignore this message): INVALID_ARGUMENT: You must feed a value for placeholder tensor 'Placeholder/_7' with dtype resource
	 [[{{node Placeholder/_7}}]]
2026-05-18 18:54:24.940324: I tensorflow/core/common_runtime/executor.cc:1197] [/device:CPU:0] (DEBUG INFO) Executor start aborting (this does not indicate an error and you can ignore this message): INVALID_ARGUMENT: You must feed a value for placeholder tensor 'Placeholder/_8' with dtype int64
	 [[{{node Placeholder/_8}}]]
2026-05-18 18:54:24.941506: I tensorflow/core/common_runtime/executor.cc:1197] [/device:CPU:0] (DEBUG INFO) Executor start aborting (this does not indicate an error and you can ignore this message): INVALID_ARGUMENT: You must feed a value for placeholder tensor 'Placeholder/_9' with dtype string
	 [[{{node Placeholder/_9}}]]
2026-05-18 18:54:24.943809: I tensorflow/core/common_runtime/executor.cc:1197] [/device:CPU:0] (DEBUG INFO) Executor start aborting (this does not indicate an error and you can ignore this message): INVALID_ARGUMENT: You must feed a value for placeholder tensor 'Placeholder/_9' with dtype string
	 [[{{node Placeholder/_9}}]]
2026-05-18 18:54:24.944599: I tensorflow/core/common_runtime/executor.cc:1197] [/device:CPU:0] (DEBUG INFO) Executor start aborting (this does not indicate an error and you can ignore this message): INVALID_ARGUMENT: You must feed a value for placeholder tensor 'Placeholder/_1' with dtype int32 and shape [497457]
	 [[{{node Placeholder/_1}}]]
2026-05-18 18:54:24.952885: I tensorflow/core/common_runtime/executor.cc:1197] [/device:CPU:0] (DEBUG INFO) Executor start aborting (this does not indicate an error and you can ignore this message): INVALID_ARGUMENT: You must feed a value for placeholder tensor 'Placeholder/_9' with dtype string
	 [[{{node Placeholder/_9}}]]
2026-05-18 18:54:24.953763: I tensorflow/core/common_runtime/executor.cc:1197] [/device:CPU:0] (DEBUG INFO) Executor start aborting (this does not indicate an error and you can ignore this message): INVALID_ARGUMENT: You must feed a value for placeholder tensor 'Placeholder/_9' with dtype string
	 [[{{node Placeholder/_9}}]]
2026-05-18 18:54:24.960003: I tensorflow/core/common_runtime/executor.cc:1197] [/device:CPU:0] (DEBUG INFO) Executor start aborting (this does not indicate an error and you can ignore this message): INVALID_ARGUMENT: You must feed a value for placeholder tensor 'Placeholder/_7' with dtype resource
	 [[{{node Placeholder/_7}}]]
2026-05-18 18:54:24.960554: I tensorflow/core/common_runtime/executor.cc:1197] [/device:CPU:0] (DEBUG INFO) Executor start aborting (this does not indicate an error and you can ignore this message): INVALID_ARGUMENT: You must feed a value for placeholder tensor 'Placeholder/_0' with dtype string and shape [497457]
	 [[{{node Placeholder/_0}}]]
2026-05-18 18:54:24.960768: I tensorflow/core/common_runtime/executor.cc:1197] [/device:CPU:0] (DEBUG INFO) Executor start aborting (this does not indicate an error and you can ignore this message): INVALID_ARGUMENT: You must feed a value for placeholder tensor 'Placeholder/_7' with dtype resource
	 [[{{node Placeholder/_7}}]]
2026-05-18 18:54:24.961468: I tensorflow/core/common_runtime/executor.cc:1197] [/device:CPU:0] (DEBUG INFO) Executor start aborting (this does not indicate an error and you can ignore this message): INVALID_ARGUMENT: You must feed a value for placeholder tensor 'Placeholder/_0' with dtype string and shape [497457]
	 [[{{node Placeholder/_0}}]]
2026-05-18 18:54:24.963356: I tensorflow/core/common_runtime/executor.cc:1197] [/device:CPU:0] (DEBUG INFO) Executor start aborting (this does not indicate an error and you can ignore this message): INVALID_ARGUMENT: You must feed a value for placeholder tensor 'Placeholder/_7' with dtype resource
	 [[{{node Placeholder/_7}}]]
2026-05-18 18:54:24.964252: I tensorflow/core/common_runtime/executor.cc:1197] [/device:CPU:0] (DEBUG INFO) Executor start aborting (this does not indicate an error and you can ignore this message): INVALID_ARGUMENT: You must feed a value for placeholder tensor 'Placeholder/_10' with dtype int64
	 [[{{node Placeholder/_10}}]]
2026-05-18 18:54:24.978991: I tensorflow/core/common_runtime/executor.cc:1197] [/device:CPU:0] (DEBUG INFO) Executor start aborting (this does not indicate an error and you can ignore this message): INVALID_ARGUMENT: You must feed a value for placeholder tensor 'Placeholder/_1' with dtype int32 and shape [497457]
	 [[{{node Placeholder/_1}}]]
2026-05-18 18:54:24.979896: I tensorflow/core/common_runtime/executor.cc:1197] [/device:CPU:0] (DEBUG INFO) Executor start aborting (this does not indicate an error and you can ignore this message): INVALID_ARGUMENT: You must feed a value for placeholder tensor 'Placeholder/_1' with dtype int32 and shape [497457]
	 [[{{node Placeholder/_1}}]]
2026-05-18 18:54:25.027283: I tensorflow/core/common_runtime/executor.cc:1197] [/device:CPU:0] (DEBUG INFO) Executor start aborting (this does not indicate an error and you can ignore this message): INVALID_ARGUMENT: You must feed a value for placeholder tensor 'Placeholder/_0' with dtype variant
	 [[{{node Placeholder/_0}}]]
2026-05-18 18:54:25.034537: I tensorflow/core/common_runtime/executor.cc:1197] [/device:CPU:0] (DEBUG INFO) Executor start aborting (this does not indicate an error and you can ignore this message): INVALID_ARGUMENT: You must feed a value for placeholder tensor 'Placeholder/_0' with dtype variant
	 [[{{node Placeholder/_0}}]]
2026-05-18 18:54:25.035963: I tensorflow/core/common_runtime/executor.cc:1197] [/device:CPU:0] (DEBUG INFO) Executor start aborting (this does not indicate an error and you can ignore this message): INVALID_ARGUMENT: You must feed a value for placeholder tensor 'Placeholder/_0' with dtype variant
	 [[{{node Placeholder/_0}}]]
2026-05-18 18:54:25.046897: I tensorflow/core/common_runtime/executor.cc:1197] [/device:CPU:0] (DEBUG INFO) Executor start aborting (this does not indicate an error and you can ignore this message): INVALID_ARGUMENT: You must feed a value for placeholder tensor 'Placeholder/_0' with dtype variant
	 [[{{node Placeholder/_0}}]]
2026-05-18 18:54:25.048794: I tensorflow/core/common_runtime/executor.cc:1197] [/device:CPU:0] (DEBUG INFO) Executor start aborting (this does not indicate an error and you can ignore this message): INVALID_ARGUMENT: You must feed a value for placeholder tensor 'Placeholder/_0' with dtype variant
	 [[{{node Placeholder/_0}}]]
2026-05-18 18:54:25.057679: I tensorflow/core/common_runtime/executor.cc:1197] [/device:CPU:0] (DEBUG INFO) Executor start aborting (this does not indicate an error and you can ignore this message): INVALID_ARGUMENT: You must feed a value for placeholder tensor 'Placeholder/_0' with dtype variant
	 [[{{node Placeholder/_0}}]]
2026-05-18 18:54:25.066672: I tensorflow/core/common_runtime/executor.cc:1197] [/device:CPU:0] (DEBUG INFO) Executor start aborting (this does not indicate an error and you can ignore this message): INVALID_ARGUMENT: You must feed a value for placeholder tensor 'Placeholder/_0' with dtype variant
	 [[{{node Placeholder/_0}}]]
2026-05-18 18:54:25.077021: I tensorflow/core/common_runtime/executor.cc:1197] [/device:CPU:0] (DEBUG INFO) Executor start aborting (this does not indicate an error and you can ignore this message): INVALID_ARGUMENT: You must feed a value for placeholder tensor 'Placeholder/_0' with dtype variant
	 [[{{node Placeholder/_0}}]]
2026-05-18 19:01:55.699801: I tensorflow/core/common_runtime/executor.cc:1197] [/device:CPU:0] (DEBUG INFO) Executor start aborting (this does not indicate an error and you can ignore this message): INVALID_ARGUMENT: You must feed a value for placeholder tensor 'Placeholder/_8' with dtype int64
	 [[{{node Placeholder/_8}}]]
2026-05-18 19:01:55.700439: I tensorflow/core/common_runtime/executor.cc:1197] [/device:CPU:0] (DEBUG INFO) Executor start aborting (this does not indicate an error and you can ignore this message): INVALID_ARGUMENT: You must feed a value for placeholder tensor 'Placeholder/_10' with dtype int64
	 [[{{node Placeholder/_10}}]]
2026-05-18 19:01:55.711884: I tensorflow/core/common_runtime/executor.cc:1197] [/device:CPU:0] (DEBUG INFO) Executor start aborting (this does not indicate an error and you can ignore this message): INVALID_ARGUMENT: You must feed a value for placeholder tensor 'Placeholder/_8' with dtype int64
	 [[{{node Placeholder/_8}}]]
2026-05-18 19:01:55.712117: I tensorflow/core/common_runtime/executor.cc:1197] [/device:CPU:0] (DEBUG INFO) Executor start aborting (this does not indicate an error and you can ignore this message): INVALID_ARGUMENT: You must feed a value for placeholder tensor 'Placeholder/_9' with dtype string
	 [[{{node Placeholder/_9}}]]
2026-05-18 19:01:55.712504: I tensorflow/core/common_runtime/executor.cc:1197] [/device:CPU:0] (DEBUG INFO) Executor start aborting (this does not indicate an error and you can ignore this message): INVALID_ARGUMENT: You must feed a value for placeholder tensor 'Placeholder/_10' with dtype int64
	 [[{{node Placeholder/_10}}]]
2026-05-18 19:01:55.712770: I tensorflow/core/common_runtime/executor.cc:1197] [/device:CPU:0] (DEBUG INFO) Executor start aborting (this does not indicate an error and you can ignore this message): INVALID_ARGUMENT: You must feed a value for placeholder tensor 'Placeholder/_0' with dtype string and shape [496002]
	 [[{{node Placeholder/_0}}]]
2026-05-18 19:01:55.712974: I tensorflow/core/common_runtime/executor.cc:1197] [/device:CPU:0] (DEBUG INFO) Executor start aborting (this does not indicate an error and you can ignore this message): INVALID_ARGUMENT: You must feed a value for placeholder tensor 'Placeholder/_8' with dtype int64
	 [[{{node Placeholder/_8}}]]
2026-05-18 19:01:55.713596: I tensorflow/core/common_runtime/executor.cc:1197] [/device:CPU:0] (DEBUG INFO) Executor start aborting (this does not indicate an error and you can ignore this message): INVALID_ARGUMENT: You must feed a value for placeholder tensor 'Placeholder/_9' with dtype string
	 [[{{node Placeholder/_9}}]]
2026-05-18 19:01:55.715471: I tensorflow/core/common_runtime/executor.cc:1197] [/device:CPU:0] (DEBUG INFO) Executor start aborting (this does not indicate an error and you can ignore this message): INVALID_ARGUMENT: You must feed a value for placeholder tensor 'Placeholder/_10' with dtype int64
	 [[{{node Placeholder/_10}}]]
2026-05-18 19:01:55.716090: I tensorflow/core/common_runtime/executor.cc:1197] [/device:CPU:0] (DEBUG INFO) Executor start aborting (this does not indicate an error and you can ignore this message): INVALID_ARGUMENT: You must feed a value for placeholder tensor 'Placeholder/_10' with dtype int64
	 [[{{node Placeholder/_10}}]]
2026-05-18 19:01:55.722434: I tensorflow/core/common_runtime/executor.cc:1197] [/device:CPU:0] (DEBUG INFO) Executor start aborting (this does not indicate an error and you can ignore this message): INVALID_ARGUMENT: You must feed a value for placeholder tensor 'Placeholder/_7' with dtype resource
	 [[{{node Placeholder/_7}}]]
2026-05-18 19:01:55.723127: I tensorflow/core/common_runtime/executor.cc:1197] [/device:CPU:0] (DEBUG INFO) Executor start aborting (this does not indicate an error and you can ignore this message): INVALID_ARGUMENT: You must feed a value for placeholder tensor 'Placeholder/_8' with dtype int64
	 [[{{node Placeholder/_8}}]]
2026-05-18 19:01:55.733689: I tensorflow/core/common_runtime/executor.cc:1197] [/device:CPU:0] (DEBUG INFO) Executor start aborting (this does not indicate an error and you can ignore this message): INVALID_ARGUMENT: You must feed a value for placeholder tensor 'Placeholder/_9' with dtype string
	 [[{{node Placeholder/_9}}]]
2026-05-18 19:01:55.734337: I tensorflow/core/common_runtime/executor.cc:1197] [/device:CPU:0] (DEBUG INFO) Executor start aborting (this does not indicate an error and you can ignore this message): INVALID_ARGUMENT: You must feed a value for placeholder tensor 'Placeholder/_7' with dtype resource
	 [[{{node Placeholder/_7}}]]
2026-05-18 19:01:55.735920: I tensorflow/core/common_runtime/executor.cc:1197] [/device:CPU:0] (DEBUG INFO) Executor start aborting (this does not indicate an error and you can ignore this message): INVALID_ARGUMENT: You must feed a value for placeholder tensor 'Placeholder/_9' with dtype string
	 [[{{node Placeholder/_9}}]]
2026-05-18 19:01:55.736550: I tensorflow/core/common_runtime/executor.cc:1197] [/device:CPU:0] (DEBUG INFO) Executor start aborting (this does not indicate an error and you can ignore this message): INVALID_ARGUMENT: You must feed a value for placeholder tensor 'Placeholder/_0' with dtype string and shape [496002]
	 [[{{node Placeholder/_0}}]]
2026-05-18 19:01:55.738202: I tensorflow/core/common_runtime/executor.cc:1197] [/device:CPU:0] (DEBUG INFO) Executor start aborting (this does not indicate an error and you can ignore this message): INVALID_ARGUMENT: You must feed a value for placeholder tensor 'Placeholder/_10' with dtype int64
	 [[{{node Placeholder/_10}}]]
2026-05-18 19:01:55.739199: I tensorflow/core/common_runtime/executor.cc:1197] [/device:CPU:0] (DEBUG INFO) Executor start aborting (this does not indicate an error and you can ignore this message): INVALID_ARGUMENT: You must feed a value for placeholder tensor 'Placeholder/_9' with dtype string
	 [[{{node Placeholder/_9}}]]
2026-05-18 19:01:55.745845: I tensorflow/core/common_runtime/executor.cc:1197] [/device:CPU:0] (DEBUG INFO) Executor start aborting (this does not indicate an error and you can ignore this message): INVALID_ARGUMENT: You must feed a value for placeholder tensor 'Placeholder/_10' with dtype int64
	 [[{{node Placeholder/_10}}]]
2026-05-18 19:01:55.747222: I tensorflow/core/common_runtime/executor.cc:1197] [/device:CPU:0] (DEBUG INFO) Executor start aborting (this does not indicate an error and you can ignore this message): INVALID_ARGUMENT: You must feed a value for placeholder tensor 'Placeholder/_10' with dtype int64
	 [[{{node Placeholder/_10}}]]
2026-05-18 19:01:55.749726: I tensorflow/core/common_runtime/executor.cc:1197] [/device:CPU:0] (DEBUG INFO) Executor start aborting (this does not indicate an error and you can ignore this message): INVALID_ARGUMENT: You must feed a value for placeholder tensor 'Placeholder/_9' with dtype string
	 [[{{node Placeholder/_9}}]]
2026-05-18 19:01:55.750686: I tensorflow/core/common_runtime/executor.cc:1197] [/device:CPU:0] (DEBUG INFO) Executor start aborting (this does not indicate an error and you can ignore this message): INVALID_ARGUMENT: You must feed a value for placeholder tensor 'Placeholder/_0' with dtype string and shape [496002]
	 [[{{node Placeholder/_0}}]]
2026-05-18 19:01:55.752824: I tensorflow/core/common_runtime/executor.cc:1197] [/device:CPU:0] (DEBUG INFO) Executor start aborting (this does not indicate an error and you can ignore this message): INVALID_ARGUMENT: You must feed a value for placeholder tensor 'Placeholder/_10' with dtype int64
	 [[{{node Placeholder/_10}}]]
2026-05-18 19:01:55.754213: I tensorflow/core/common_runtime/executor.cc:1197] [/device:CPU:0] (DEBUG INFO) Executor start aborting (this does not indicate an error and you can ignore this message): INVALID_ARGUMENT: You must feed a value for placeholder tensor 'Placeholder/_10' with dtype int64
	 [[{{node Placeholder/_10}}]]
2026-05-18 19:01:55.758753: I tensorflow/core/common_runtime/executor.cc:1197] [/device:CPU:0] (DEBUG INFO) Executor start aborting (this does not indicate an error and you can ignore this message): INVALID_ARGUMENT: You must feed a value for placeholder tensor 'Placeholder/_0' with dtype string and shape [496002]
	 [[{{node Placeholder/_0}}]]
2026-05-18 19:01:55.760270: I tensorflow/core/common_runtime/executor.cc:1197] [/device:CPU:0] (DEBUG INFO) Executor start aborting (this does not indicate an error and you can ignore this message): INVALID_ARGUMENT: You must feed a value for placeholder tensor 'Placeholder/_0' with dtype string and shape [496002]
	 [[{{node Placeholder/_0}}]]
2026-05-18 19:01:55.774693: I tensorflow/core/common_runtime/executor.cc:1197] [/device:CPU:0] (DEBUG INFO) Executor start aborting (this does not indicate an error and you can ignore this message): INVALID_ARGUMENT: You must feed a value for placeholder tensor 'Placeholder/_10' with dtype int64
	 [[{{node Placeholder/_10}}]]
2026-05-18 19:01:55.775550: I tensorflow/core/common_runtime/executor.cc:1197] [/device:CPU:0] (DEBUG INFO) Executor start aborting (this does not indicate an error and you can ignore this message): INVALID_ARGUMENT: You must feed a value for placeholder tensor 'Placeholder/_10' with dtype int64
	 [[{{node Placeholder/_10}}]]
2026-05-18 19:01:55.782685: I tensorflow/core/common_runtime/executor.cc:1197] [/device:CPU:0] (DEBUG INFO) Executor start aborting (this does not indicate an error and you can ignore this message): INVALID_ARGUMENT: You must feed a value for placeholder tensor 'Placeholder/_9' with dtype string
	 [[{{node Placeholder/_9}}]]
2026-05-18 19:01:55.783629: I tensorflow/core/common_runtime/executor.cc:1197] [/device:CPU:0] (DEBUG INFO) Executor start aborting (this does not indicate an error and you can ignore this message): INVALID_ARGUMENT: You must feed a value for placeholder tensor 'Placeholder/_9' with dtype string
	 [[{{node Placeholder/_9}}]]
2026-05-18 19:01:55.789836: I tensorflow/core/common_runtime/executor.cc:1197] [/device:CPU:0] (DEBUG INFO) Executor start aborting (this does not indicate an error and you can ignore this message): INVALID_ARGUMENT: You must feed a value for placeholder tensor 'Placeholder/_9' with dtype string
	 [[{{node Placeholder/_9}}]]
2026-05-18 19:01:55.790720: I tensorflow/core/common_runtime/executor.cc:1197] [/device:CPU:0] (DEBUG INFO) Executor start aborting (this does not indicate an error and you can ignore this message): INVALID_ARGUMENT: You must feed a value for placeholder tensor 'Placeholder/_0' with dtype string and shape [496002]
	 [[{{node Placeholder/_0}}]]
2026-05-18 19:01:55.804181: W tensorflow/core/framework/dataset.cc:807] Input of GeneratorDatasetOp::Dataset will not be optimized because the dataset does not implement the AsGraphDefInternal() method needed to apply optimizations.
2026-05-18 19:01:55.804625: I tensorflow/core/common_runtime/executor.cc:1197] [/device:CPU:0] (DEBUG INFO) Executor start aborting (this does not indicate an error and you can ignore this message): INVALID_ARGUMENT: You must feed a value for placeholder tensor 'Placeholder/_0' with dtype variant
	 [[{{node Placeholder/_0}}]]
2026-05-18 19:01:55.828344: W tensorflow/core/framework/dataset.cc:807] Input of GeneratorDatasetOp::Dataset will not be optimized because the dataset does not implement the AsGraphDefInternal() method needed to apply optimizations.
2026-05-18 19:01:55.828940: I tensorflow/core/common_runtime/executor.cc:1197] [/device:CPU:0] (DEBUG INFO) Executor start aborting (this does not indicate an error and you can ignore this message): INVALID_ARGUMENT: You must feed a value for placeholder tensor 'Placeholder/_0' with dtype variant
	 [[{{node Placeholder/_0}}]]
2026-05-18 19:01:55.834389: I tensorflow/core/common_runtime/executor.cc:1197] [/device:CPU:0] (DEBUG INFO) Executor start aborting (this does not indicate an error and you can ignore this message): INVALID_ARGUMENT: You must feed a value for placeholder tensor 'Placeholder/_0' with dtype string and shape [496002]
	 [[{{node Placeholder/_0}}]]
2026-05-18 19:01:55.835122: I tensorflow/core/common_runtime/executor.cc:1197] [/device:CPU:0] (DEBUG INFO) Executor start aborting (this does not indicate an error and you can ignore this message): INVALID_ARGUMENT: You must feed a value for placeholder tensor 'Placeholder/_9' with dtype string
	 [[{{node Placeholder/_9}}]]
2026-05-18 19:01:55.854031: W tensorflow/core/framework/dataset.cc:807] Input of GeneratorDatasetOp::Dataset will not be optimized because the dataset does not implement the AsGraphDefInternal() method needed to apply optimizations.
2026-05-18 19:01:55.854931: I tensorflow/core/common_runtime/executor.cc:1197] [/device:CPU:0] (DEBUG INFO) Executor start aborting (this does not indicate an error and you can ignore this message): INVALID_ARGUMENT: You must feed a value for placeholder tensor 'Placeholder/_0' with dtype variant
	 [[{{node Placeholder/_0}}]]
2026-05-18 19:01:55.886276: W tensorflow/core/framework/dataset.cc:807] Input of GeneratorDatasetOp::Dataset will not be optimized because the dataset does not implement the AsGraphDefInternal() method needed to apply optimizations.
2026-05-18 19:01:55.887235: I tensorflow/core/common_runtime/executor.cc:1197] [/device:CPU:0] (DEBUG INFO) Executor start aborting (this does not indicate an error and you can ignore this message): INVALID_ARGUMENT: You must feed a value for placeholder tensor 'Placeholder/_0' with dtype variant
	 [[{{node Placeholder/_0}}]]
2026-05-18 19:01:55.888800: I tensorflow/core/common_runtime/executor.cc:1197] [/device:CPU:0] (DEBUG INFO) Executor start aborting (this does not indicate an error and you can ignore this message): INVALID_ARGUMENT: You must feed a value for placeholder tensor 'Placeholder/_9' with dtype string
	 [[{{node Placeholder/_9}}]]
2026-05-18 19:01:55.889425: I tensorflow/core/common_runtime/executor.cc:1197] [/device:CPU:0] (DEBUG INFO) Executor start aborting (this does not indicate an error and you can ignore this message): INVALID_ARGUMENT: You must feed a value for placeholder tensor 'Placeholder/_8' with dtype int64
	 [[{{node Placeholder/_8}}]]
2026-05-18 19:01:55.892269: I tensorflow/core/common_runtime/executor.cc:1197] [/device:CPU:0] (DEBUG INFO) Executor start aborting (this does not indicate an error and you can ignore this message): INVALID_ARGUMENT: You must feed a value for placeholder tensor 'Placeholder/_9' with dtype string
	 [[{{node Placeholder/_9}}]]
2026-05-18 19:01:55.893485: I tensorflow/core/common_runtime/executor.cc:1197] [/device:CPU:0] (DEBUG INFO) Executor start aborting (this does not indicate an error and you can ignore this message): INVALID_ARGUMENT: You must feed a value for placeholder tensor 'Placeholder/_9' with dtype string
	 [[{{node Placeholder/_9}}]]
2026-05-18 19:01:55.909525: W tensorflow/core/framework/dataset.cc:807] Input of GeneratorDatasetOp::Dataset will not be optimized because the dataset does not implement the AsGraphDefInternal() method needed to apply optimizations.
2026-05-18 19:01:55.910181: I tensorflow/core/common_runtime/executor.cc:1197] [/device:CPU:0] (DEBUG INFO) Executor start aborting (this does not indicate an error and you can ignore this message): INVALID_ARGUMENT: You must feed a value for placeholder tensor 'Placeholder/_0' with dtype variant
	 [[{{node Placeholder/_0}}]]
2026-05-18 19:01:55.910448: I tensorflow/core/common_runtime/executor.cc:1197] [/device:CPU:0] (DEBUG INFO) Executor start aborting (this does not indicate an error and you can ignore this message): INVALID_ARGUMENT: You must feed a value for placeholder tensor 'Placeholder/_0' with dtype variant
	 [[{{node Placeholder/_0}}]]
2026-05-18 19:01:55.911286: W tensorflow/core/framework/dataset.cc:807] Input of GeneratorDatasetOp::Dataset will not be optimized because the dataset does not implement the AsGraphDefInternal() method needed to apply optimizations.
2026-05-18 19:01:55.911896: I tensorflow/core/common_runtime/executor.cc:1197] [/device:CPU:0] (DEBUG INFO) Executor start aborting (this does not indicate an error and you can ignore this message): INVALID_ARGUMENT: You must feed a value for placeholder tensor 'Placeholder/_0' with dtype variant
	 [[{{node Placeholder/_0}}]]
2026-05-18 19:01:55.915093: W tensorflow/core/framework/dataset.cc:807] Input of GeneratorDatasetOp::Dataset will not be optimized because the dataset does not implement the AsGraphDefInternal() method needed to apply optimizations.
2026-05-18 19:01:55.915681: I tensorflow/core/common_runtime/executor.cc:1197] [/device:CPU:0] (DEBUG INFO) Executor start aborting (this does not indicate an error and you can ignore this message): INVALID_ARGUMENT: You must feed a value for placeholder tensor 'Placeholder/_0' with dtype variant
	 [[{{node Placeholder/_0}}]]
2026-05-18 19:01:55.929478: I tensorflow/core/common_runtime/executor.cc:1197] [/device:CPU:0] (DEBUG INFO) Executor start aborting (this does not indicate an error and you can ignore this message): INVALID_ARGUMENT: You must feed a value for placeholder tensor 'Placeholder/_9' with dtype string
	 [[{{node Placeholder/_9}}]]
2026-05-18 19:01:55.930681: I tensorflow/core/common_runtime/executor.cc:1197] [/device:CPU:0] (DEBUG INFO) Executor start aborting (this does not indicate an error and you can ignore this message): INVALID_ARGUMENT: You must feed a value for placeholder tensor 'Placeholder/_0' with dtype string and shape [496002]
	 [[{{node Placeholder/_0}}]]
2026-05-18 19:01:55.940792: W tensorflow/core/framework/dataset.cc:807] Input of GeneratorDatasetOp::Dataset will not be optimized because the dataset does not implement the AsGraphDefInternal() method needed to apply optimizations.
2026-05-18 19:01:55.941457: I tensorflow/core/common_runtime/executor.cc:1197] [/device:CPU:0] (DEBUG INFO) Executor start aborting (this does not indicate an error and you can ignore this message): INVALID_ARGUMENT: You must feed a value for placeholder tensor 'Placeholder/_0' with dtype variant
	 [[{{node Placeholder/_0}}]]
2026-05-18 19:01:55.951917: I tensorflow/core/common_runtime/executor.cc:1197] [/device:CPU:0] (DEBUG INFO) Executor start aborting (this does not indicate an error and you can ignore this message): INVALID_ARGUMENT: You must feed a value for placeholder tensor 'Placeholder/_8' with dtype int64
	 [[{{node Placeholder/_8}}]]
2026-05-18 19:01:55.952811: I tensorflow/core/common_runtime/executor.cc:1197] [/device:CPU:0] (DEBUG INFO) Executor start aborting (this does not indicate an error and you can ignore this message): INVALID_ARGUMENT: You must feed a value for placeholder tensor 'Placeholder/_8' with dtype int64
	 [[{{node Placeholder/_8}}]]
2026-05-18 19:01:55.955521: I tensorflow/core/common_runtime/executor.cc:1197] [/device:CPU:0] (DEBUG INFO) Executor start aborting (this does not indicate an error and you can ignore this message): INVALID_ARGUMENT: You must feed a value for placeholder tensor 'Placeholder/_9' with dtype string
	 [[{{node Placeholder/_9}}]]
2026-05-18 19:01:55.956402: I tensorflow/core/common_runtime/executor.cc:1197] [/device:CPU:0] (DEBUG INFO) Executor start aborting (this does not indicate an error and you can ignore this message): INVALID_ARGUMENT: You must feed a value for placeholder tensor 'Placeholder/_7' with dtype resource
	 [[{{node Placeholder/_7}}]]
2026-05-18 19:01:55.966050: I tensorflow/core/common_runtime/executor.cc:1197] [/device:CPU:0] (DEBUG INFO) Executor start aborting (this does not indicate an error and you can ignore this message): INVALID_ARGUMENT: You must feed a value for placeholder tensor 'Placeholder/_0' with dtype string and shape [496002]
	 [[{{node Placeholder/_0}}]]
2026-05-18 19:01:55.967086: I tensorflow/core/common_runtime/executor.cc:1197] [/device:CPU:0] (DEBUG INFO) Executor start aborting (this does not indicate an error and you can ignore this message): INVALID_ARGUMENT: You must feed a value for placeholder tensor 'Placeholder/_10' with dtype int64
	 [[{{node Placeholder/_10}}]]
2026-05-18 19:01:55.969514: I tensorflow/core/common_runtime/executor.cc:1197] [/device:CPU:0] (DEBUG INFO) Executor start aborting (this does not indicate an error and you can ignore this message): INVALID_ARGUMENT: You must feed a value for placeholder tensor 'Placeholder/_0' with dtype variant
	 [[{{node Placeholder/_0}}]]
2026-05-18 19:01:55.982418: I tensorflow/core/common_runtime/executor.cc:1197] [/device:CPU:0] (DEBUG INFO) Executor start aborting (this does not indicate an error and you can ignore this message): INVALID_ARGUMENT: You must feed a value for placeholder tensor 'Placeholder/_0' with dtype variant
	 [[{{node Placeholder/_0}}]]
2026-05-18 19:01:55.990997: I tensorflow/core/common_runtime/executor.cc:1197] [/device:CPU:0] (DEBUG INFO) Executor start aborting (this does not indicate an error and you can ignore this message): INVALID_ARGUMENT: You must feed a value for placeholder tensor 'Placeholder/_10' with dtype int64
	 [[{{node Placeholder/_10}}]]
2026-05-18 19:01:55.992000: I tensorflow/core/common_runtime/executor.cc:1197] [/device:CPU:0] (DEBUG INFO) Executor start aborting (this does not indicate an error and you can ignore this message): INVALID_ARGUMENT: You must feed a value for placeholder tensor 'Placeholder/_1' with dtype int32 and shape [496002]
	 [[{{node Placeholder/_1}}]]
2026-05-18 19:01:56.029366: I tensorflow/core/common_runtime/executor.cc:1197] [/device:CPU:0] (DEBUG INFO) Executor start aborting (this does not indicate an error and you can ignore this message): INVALID_ARGUMENT: You must feed a value for placeholder tensor 'Placeholder/_0' with dtype variant
	 [[{{node Placeholder/_0}}]]
2026-05-18 19:01:56.051098: I tensorflow/core/common_runtime/executor.cc:1197] [/device:CPU:0] (DEBUG INFO) Executor start aborting (this does not indicate an error and you can ignore this message): INVALID_ARGUMENT: You must feed a value for placeholder tensor 'Placeholder/_0' with dtype variant
	 [[{{node Placeholder/_0}}]]
2026-05-18 19:01:56.059368: I tensorflow/core/common_runtime/executor.cc:1197] [/device:CPU:0] (DEBUG INFO) Executor start aborting (this does not indicate an error and you can ignore this message): INVALID_ARGUMENT: You must feed a value for placeholder tensor 'Placeholder/_0' with dtype variant
	 [[{{node Placeholder/_0}}]]
2026-05-18 19:01:56.069818: I tensorflow/core/common_runtime/executor.cc:1197] [/device:CPU:0] (DEBUG INFO) Executor start aborting (this does not indicate an error and you can ignore this message): INVALID_ARGUMENT: You must feed a value for placeholder tensor 'Placeholder/_0' with dtype variant
	 [[{{node Placeholder/_0}}]]
2026-05-18 19:01:56.093312: I tensorflow/core/common_runtime/executor.cc:1197] [/device:CPU:0] (DEBUG INFO) Executor start aborting (this does not indicate an error and you can ignore this message): INVALID_ARGUMENT: You must feed a value for placeholder tensor 'Placeholder/_0' with dtype variant
	 [[{{node Placeholder/_0}}]]
