
# >>>>>>>>>>>>>>>>>>>>>> ERROR REPORT <<<<<<<<<<<<<<<<<<<<<<

    Traceback (most recent call last):
      File "/zine/HPC02S1/miniconda3/lib/python3.12/site-packages/conda/exception_handler.py", line 18, in __call__
        return func(*args, **kwargs)
               ^^^^^^^^^^^^^^^^^^^^^
      File "/zine/HPC02S1/miniconda3/lib/python3.12/site-packages/conda/cli/main.py", line 61, in main_subshell
        exit_code = do_call(args, parser)
                    ^^^^^^^^^^^^^^^^^^^^^
      File "/zine/HPC02S1/miniconda3/lib/python3.12/site-packages/conda/cli/conda_argparse.py", line 206, in do_call
        result = getattr(module, func_name)(args, parser)
                 ^^^^^^^^^^^^^^^^^^^^^^^^^^^^^^^^^^^^^^^^
      File "/zine/HPC02S1/miniconda3/lib/python3.12/site-packages/conda/cli/main_init.py", line 162, in execute
        return initialize(
               ^^^^^^^^^^^
      File "/zine/HPC02S1/miniconda3/lib/python3.12/site-packages/conda/core/initialize.py", line 139, in initialize
        run_plan_elevated(plan2)
      File "/zine/HPC02S1/miniconda3/lib/python3.12/site-packages/conda/core/initialize.py", line 852, in run_plan_elevated
        result = subprocess_call(
                 ^^^^^^^^^^^^^^^^
      File "/zine/HPC02S1/miniconda3/lib/python3.12/site-packages/conda/gateways/subprocess.py", line 129, in subprocess_call
        raise CalledProcessError(rc, command, output=formatted_output)
    subprocess.CalledProcessError: Command '['sudo', '/zine/HPC02S1/miniconda3/bin/python', '-m', 'conda.core.initialize']' returned non-zero exit status 1.

`$ /zine/HPC02S1/miniconda3/condabin/conda init`

  environment variables:
                 CIO_TEST=<not set>
        CONDA_DEFAULT_ENV=pajaroenv
                CONDA_EXE=/zine/HPC02S1/miniconda3/bin/conda
             CONDA_PREFIX=/zine/HPC02S1/miniconda3/envs/pajaroenv
           CONDA_PREFIX_1=/zine/HPC02S1/miniconda3
    CONDA_PROMPT_MODIFIER=(pajaroenv)
         CONDA_PYTHON_EXE=/zine/HPC02S1/miniconda3/bin/python
               CONDA_ROOT=/zine/HPC02S1/miniconda3
              CONDA_SHLVL=2
           CURL_CA_BUNDLE=<not set>
     JAVA_LD_LIBRARY_PATH=/zine/HPC02S1/miniconda3/lib/jvm/lib/server
               LD_PRELOAD=<not set>
               MODULEPATH=/usr/share/Modules/modulefiles:/etc/modulefiles
                     PATH=/apps/bpike/miniforge3/bin:/zine/HPC02S1/miniconda3/envs/pajaroenv/bin
                          :/zine/HPC02S1/miniconda3/condabin:/usr/local/bin:/usr/bin:/usr/local/
                          sbin:/usr/sbin:/home/juanpajaro/.local/bin:/home/juanpajaro/bin
       REQUESTS_CA_BUNDLE=<not set>
            SSL_CERT_FILE=<not set>

     active environment : pajaroenv
    active env location : /zine/HPC02S1/miniconda3/envs/pajaroenv
            shell level : 2
       user config file : /home/juanpajaro/.condarc
 populated config files : /zine/HPC02S1/miniconda3/.condarc
          conda version : 25.3.0
    conda-build version : not installed
         python version : 3.12.2.final.0
                 solver : libmamba (default)
       virtual packages : __archspec=1=sandybridge
                          __conda=25.3.0=0
                          __glibc=2.17=0
                          __linux=3.10.0=0
                          __unix=0=0
       base environment : /zine/HPC02S1/miniconda3  (writable)
      conda av data dir : /zine/HPC02S1/miniconda3/etc/conda
  conda av metadata url : None
           channel URLs : https://repo.anaconda.com/pkgs/main/linux-64
                          https://repo.anaconda.com/pkgs/main/noarch
                          https://repo.anaconda.com/pkgs/r/linux-64
                          https://repo.anaconda.com/pkgs/r/noarch
          package cache : /zine/HPC02S1/miniconda3/pkgs
                          /home/juanpajaro/.conda/pkgs
       envs directories : /zine/HPC02S1/miniconda3/envs
                          /home/juanpajaro/.conda/envs
               platform : linux-64
             user-agent : conda/25.3.0 requests/2.32.3 CPython/3.12.2 Linux/3.10.0-1160.119.1.el7.x86_64 centos/7.9.2009 glibc/2.17 solver/libmamba conda-libmamba-solver/24.9.0 libmambapy/1.5.12
                UID:GID : 73207610:7002
             netrc file : None
           offline mode : False


An unexpected error has occurred. Conda has prepared the above report.
If you suspect this error is being caused by a malfunctioning plugin,
consider using the --no-plugins option to turn off plugins.

Example: conda --no-plugins install <package>

Alternatively, you can set the CONDA_NO_PLUGINS environment variable on
the command line to run the command without plugins enabled.

Example: CONDA_NO_PLUGINS=true conda install <package>

/var/spool/slurmd/job08772/slurm_script: line 19: /zine/HPC0251/miniconda3/etc/profile.d/conda.sh: No such file or directory

CondaError: Run 'conda init' before 'conda activate'

2026-05-17 21:22:48.313248: I tensorflow/core/platform/cpu_feature_guard.cc:182] This TensorFlow binary is optimized to use available CPU instructions in performance-critical operations.
To enable the following instructions: SSE4.1 SSE4.2 AVX, in other operations, rebuild TensorFlow with the appropriate compiler flags.
2026-05-17 21:22:48.322305: I tensorflow/core/platform/cpu_feature_guard.cc:182] This TensorFlow binary is optimized to use available CPU instructions in performance-critical operations.
To enable the following instructions: SSE4.1 SSE4.2 AVX, in other operations, rebuild TensorFlow with the appropriate compiler flags.
2026-05-17 21:22:48.326166: I tensorflow/core/platform/cpu_feature_guard.cc:182] This TensorFlow binary is optimized to use available CPU instructions in performance-critical operations.
To enable the following instructions: SSE4.1 SSE4.2 AVX, in other operations, rebuild TensorFlow with the appropriate compiler flags.
2026-05-17 21:22:48.346280: I tensorflow/core/platform/cpu_feature_guard.cc:182] This TensorFlow binary is optimized to use available CPU instructions in performance-critical operations.
To enable the following instructions: SSE4.1 SSE4.2 AVX, in other operations, rebuild TensorFlow with the appropriate compiler flags.
2026-05-17 21:23:04.259294: I tensorflow/core/platform/cpu_feature_guard.cc:182] This TensorFlow binary is optimized to use available CPU instructions in performance-critical operations.
To enable the following instructions: SSE4.1 SSE4.2 AVX, in other operations, rebuild TensorFlow with the appropriate compiler flags.
2026-05-17 21:23:04.935471: I tensorflow/core/platform/cpu_feature_guard.cc:182] This TensorFlow binary is optimized to use available CPU instructions in performance-critical operations.
To enable the following instructions: SSE4.1 SSE4.2 AVX, in other operations, rebuild TensorFlow with the appropriate compiler flags.
2026-05-17 21:23:04.980538: I tensorflow/core/platform/cpu_feature_guard.cc:182] This TensorFlow binary is optimized to use available CPU instructions in performance-critical operations.
To enable the following instructions: SSE4.1 SSE4.2 AVX, in other operations, rebuild TensorFlow with the appropriate compiler flags.
2026-05-17 21:23:05.101658: I tensorflow/core/platform/cpu_feature_guard.cc:182] This TensorFlow binary is optimized to use available CPU instructions in performance-critical operations.
To enable the following instructions: SSE4.1 SSE4.2 AVX, in other operations, rebuild TensorFlow with the appropriate compiler flags.
2026-05-17 21:23:10.569543: I tensorflow/core/common_runtime/process_util.cc:146] Creating new thread pool with default inter op setting: 2. Tune using inter_op_parallelism_threads for best performance.
2026-05-17 21:23:10.597426: I tensorflow/core/distributed_runtime/rpc/grpc_server_lib.cc:450] Started server with target: grpc://hpc02-w007:12346
2026-05-17 21:23:10.822993: I tensorflow/core/common_runtime/process_util.cc:146] Creating new thread pool with default inter op setting: 2. Tune using inter_op_parallelism_threads for best performance.
2026-05-17 21:23:10.846693: I tensorflow/core/distributed_runtime/rpc/grpc_server_lib.cc:450] Started server with target: grpc://hpc02-w009:12348
2026-05-17 21:23:10.875365: I tensorflow/core/common_runtime/process_util.cc:146] Creating new thread pool with default inter op setting: 2. Tune using inter_op_parallelism_threads for best performance.
2026-05-17 21:23:10.904660: I tensorflow/core/distributed_runtime/rpc/grpc_server_lib.cc:450] Started server with target: grpc://hpc02-w006:12345
2026-05-17 21:23:10.942238: I tensorflow/tsl/distributed_runtime/coordination/coordination_service.cc:525] /job:worker/replica:0/task:0 has connected to coordination service. Incarnation: 15401541403241017520
2026-05-17 21:23:10.945217: I tensorflow/tsl/distributed_runtime/coordination/coordination_service_agent.cc:298] Coordination agent has successfully connected.
2026-05-17 21:23:11.027029: I tensorflow/core/common_runtime/process_util.cc:146] Creating new thread pool with default inter op setting: 2. Tune using inter_op_parallelism_threads for best performance.
2026-05-17 21:23:11.051851: I tensorflow/core/distributed_runtime/rpc/grpc_server_lib.cc:450] Started server with target: grpc://hpc02-w008:12347
2026-05-17 21:23:11.080610: I tensorflow/tsl/distributed_runtime/coordination/coordination_service.cc:525] /job:worker/replica:0/task:2 has connected to coordination service. Incarnation: 11203002215404085878
2026-05-17 21:23:11.081770: I tensorflow/tsl/distributed_runtime/coordination/coordination_service_agent.cc:298] Coordination agent has successfully connected.
2026-05-17 21:23:11.613504: I tensorflow/tsl/distributed_runtime/coordination/coordination_service.cc:525] /job:worker/replica:0/task:1 has connected to coordination service. Incarnation: 5452801243293504180
2026-05-17 21:23:11.613867: I tensorflow/tsl/distributed_runtime/coordination/coordination_service_agent.cc:298] Coordination agent has successfully connected.
2026-05-17 21:23:11.876824: I tensorflow/tsl/distributed_runtime/coordination/coordination_service.cc:525] /job:worker/replica:0/task:3 has connected to coordination service. Incarnation: 849684714945407050
2026-05-17 21:23:11.877321: I tensorflow/tsl/distributed_runtime/coordination/coordination_service_agent.cc:298] Coordination agent has successfully connected.
2026-05-17 21:23:47.077218: I tensorflow/core/common_runtime/process_util.cc:146] Creating new thread pool with default inter op setting: 2. Tune using inter_op_parallelism_threads for best performance.
2026-05-17 21:23:47.077472: I tensorflow/core/common_runtime/process_util.cc:146] Creating new thread pool with default inter op setting: 2. Tune using inter_op_parallelism_threads for best performance.
2026-05-17 21:23:47.077575: I tensorflow/core/common_runtime/process_util.cc:146] Creating new thread pool with default inter op setting: 2. Tune using inter_op_parallelism_threads for best performance.
2026-05-17 21:23:47.078777: I tensorflow/core/common_runtime/process_util.cc:146] Creating new thread pool with default inter op setting: 2. Tune using inter_op_parallelism_threads for best performance.
2026-05-17 21:23:47.106965: I tensorflow/core/distributed_runtime/rpc/grpc_server_lib.cc:450] Started server with target: grpc://hpc02-w011:12350
2026-05-17 21:23:47.107110: I tensorflow/core/distributed_runtime/rpc/grpc_server_lib.cc:450] Started server with target: grpc://hpc02-w010:12349
2026-05-17 21:23:47.107245: I tensorflow/core/distributed_runtime/rpc/grpc_server_lib.cc:450] Started server with target: grpc://hpc02-w012:12351
2026-05-17 21:23:47.108097: I tensorflow/core/distributed_runtime/rpc/grpc_server_lib.cc:450] Started server with target: grpc://hpc02-w013:12352
2026-05-17 21:23:47.126685: I tensorflow/tsl/distributed_runtime/coordination/coordination_service.cc:525] /job:worker/replica:0/task:5 has connected to coordination service. Incarnation: 1585142420241847292
2026-05-17 21:23:47.127037: I tensorflow/tsl/distributed_runtime/coordination/coordination_service.cc:525] /job:worker/replica:0/task:4 has connected to coordination service. Incarnation: 7751259030154236894
2026-05-17 21:23:47.127687: I tensorflow/tsl/distributed_runtime/coordination/coordination_service_agent.cc:298] Coordination agent has successfully connected.
2026-05-17 21:23:47.128389: I tensorflow/tsl/distributed_runtime/coordination/coordination_service_agent.cc:298] Coordination agent has successfully connected.
2026-05-17 21:23:47.130305: I tensorflow/tsl/distributed_runtime/coordination/coordination_service.cc:525] /job:worker/replica:0/task:7 has connected to coordination service. Incarnation: 13596355794933459026
2026-05-17 21:23:47.132091: I tensorflow/tsl/distributed_runtime/coordination/coordination_service.cc:525] /job:worker/replica:0/task:6 has connected to coordination service. Incarnation: 14191096387491493377
2026-05-17 21:23:47.132041: I tensorflow/tsl/distributed_runtime/coordination/coordination_service_agent.cc:298] Coordination agent has successfully connected.
2026-05-17 21:23:47.133312: I tensorflow/tsl/distributed_runtime/coordination/coordination_service_agent.cc:298] Coordination agent has successfully connected.
2026-05-17 21:24:40.500548: I tensorflow/core/common_runtime/executor.cc:1197] [/device:CPU:0] (DEBUG INFO) Executor start aborting (this does not indicate an error and you can ignore this message): INVALID_ARGUMENT: You must feed a value for placeholder tensor 'Placeholder/_0' with dtype string and shape [2320148]
	 [[{{node Placeholder/_0}}]]
2026-05-17 21:24:40.501562: I tensorflow/core/common_runtime/executor.cc:1197] [/device:CPU:0] (DEBUG INFO) Executor start aborting (this does not indicate an error and you can ignore this message): INVALID_ARGUMENT: You must feed a value for placeholder tensor 'Placeholder/_1' with dtype int32 and shape [2320148]
	 [[{{node Placeholder/_1}}]]
2026-05-17 21:24:41.129090: I tensorflow/core/common_runtime/executor.cc:1197] [/device:CPU:0] (DEBUG INFO) Executor start aborting (this does not indicate an error and you can ignore this message): INVALID_ARGUMENT: You must feed a value for placeholder tensor 'Placeholder/_1' with dtype int32 and shape [2320148]
	 [[{{node Placeholder/_1}}]]
2026-05-17 21:24:41.130392: I tensorflow/core/common_runtime/executor.cc:1197] [/device:CPU:0] (DEBUG INFO) Executor start aborting (this does not indicate an error and you can ignore this message): INVALID_ARGUMENT: You must feed a value for placeholder tensor 'Placeholder/_1' with dtype int32 and shape [2320148]
	 [[{{node Placeholder/_1}}]]
2026-05-17 21:24:41.295149: I tensorflow/core/common_runtime/executor.cc:1197] [/device:CPU:0] (DEBUG INFO) Executor start aborting (this does not indicate an error and you can ignore this message): INVALID_ARGUMENT: You must feed a value for placeholder tensor 'Placeholder/_1' with dtype int32 and shape [2320148]
	 [[{{node Placeholder/_1}}]]
2026-05-17 21:24:41.296310: I tensorflow/core/common_runtime/executor.cc:1197] [/device:CPU:0] (DEBUG INFO) Executor start aborting (this does not indicate an error and you can ignore this message): INVALID_ARGUMENT: You must feed a value for placeholder tensor 'Placeholder/_1' with dtype int32 and shape [2320148]
	 [[{{node Placeholder/_1}}]]
2026-05-17 21:24:42.419416: I tensorflow/core/common_runtime/executor.cc:1197] [/device:CPU:0] (DEBUG INFO) Executor start aborting (this does not indicate an error and you can ignore this message): INVALID_ARGUMENT: You must feed a value for placeholder tensor 'Placeholder/_0' with dtype string and shape [2320148]
	 [[{{node Placeholder/_0}}]]
2026-05-17 21:24:42.420741: I tensorflow/core/common_runtime/executor.cc:1197] [/device:CPU:0] (DEBUG INFO) Executor start aborting (this does not indicate an error and you can ignore this message): INVALID_ARGUMENT: You must feed a value for placeholder tensor 'Placeholder/_1' with dtype int32 and shape [2320148]
	 [[{{node Placeholder/_1}}]]
2026-05-17 21:24:45.905814: I tensorflow/core/common_runtime/executor.cc:1197] [/device:CPU:0] (DEBUG INFO) Executor start aborting (this does not indicate an error and you can ignore this message): INVALID_ARGUMENT: You must feed a value for placeholder tensor 'Placeholder/_1' with dtype int32 and shape [2320148]
	 [[{{node Placeholder/_1}}]]
2026-05-17 21:24:45.906426: I tensorflow/core/common_runtime/executor.cc:1197] [/device:CPU:0] (DEBUG INFO) Executor start aborting (this does not indicate an error and you can ignore this message): INVALID_ARGUMENT: You must feed a value for placeholder tensor 'Placeholder/_1' with dtype int32 and shape [2320148]
	 [[{{node Placeholder/_1}}]]
2026-05-17 21:24:46.256456: I tensorflow/core/common_runtime/executor.cc:1197] [/device:CPU:0] (DEBUG INFO) Executor start aborting (this does not indicate an error and you can ignore this message): INVALID_ARGUMENT: You must feed a value for placeholder tensor 'Placeholder/_1' with dtype int32 and shape [2320148]
	 [[{{node Placeholder/_1}}]]
2026-05-17 21:24:46.257115: I tensorflow/core/common_runtime/executor.cc:1197] [/device:CPU:0] (DEBUG INFO) Executor start aborting (this does not indicate an error and you can ignore this message): INVALID_ARGUMENT: You must feed a value for placeholder tensor 'Placeholder/_1' with dtype int32 and shape [2320148]
	 [[{{node Placeholder/_1}}]]
2026-05-17 21:24:47.623907: I tensorflow/core/common_runtime/executor.cc:1197] [/device:CPU:0] (DEBUG INFO) Executor start aborting (this does not indicate an error and you can ignore this message): INVALID_ARGUMENT: You must feed a value for placeholder tensor 'Placeholder/_0' with dtype string and shape [2320148]
	 [[{{node Placeholder/_0}}]]
2026-05-17 21:24:47.624696: I tensorflow/core/common_runtime/executor.cc:1197] [/device:CPU:0] (DEBUG INFO) Executor start aborting (this does not indicate an error and you can ignore this message): INVALID_ARGUMENT: You must feed a value for placeholder tensor 'Placeholder/_1' with dtype int32 and shape [2320148]
	 [[{{node Placeholder/_1}}]]
2026-05-17 21:24:48.366672: I tensorflow/core/common_runtime/executor.cc:1197] [/device:CPU:0] (DEBUG INFO) Executor start aborting (this does not indicate an error and you can ignore this message): INVALID_ARGUMENT: You must feed a value for placeholder tensor 'Placeholder/_0' with dtype string and shape [2320148]
	 [[{{node Placeholder/_0}}]]
2026-05-17 21:24:48.367503: I tensorflow/core/common_runtime/executor.cc:1197] [/device:CPU:0] (DEBUG INFO) Executor start aborting (this does not indicate an error and you can ignore this message): INVALID_ARGUMENT: You must feed a value for placeholder tensor 'Placeholder/_1' with dtype int32 and shape [2320148]
	 [[{{node Placeholder/_1}}]]
2026-05-17 21:25:44.551493: I tensorflow/core/common_runtime/executor.cc:1197] [/device:CPU:0] (DEBUG INFO) Executor start aborting (this does not indicate an error and you can ignore this message): INVALID_ARGUMENT: You must feed a value for placeholder tensor 'Placeholder/_12' with dtype resource
	 [[{{node Placeholder/_12}}]]
2026-05-17 21:25:44.551557: I tensorflow/core/common_runtime/executor.cc:1197] [/device:CPU:0] (DEBUG INFO) Executor start aborting (this does not indicate an error and you can ignore this message): INVALID_ARGUMENT: You must feed a value for placeholder tensor 'Placeholder/_1' with dtype int32 and shape [2320148]
	 [[{{node Placeholder/_1}}]]
2026-05-17 21:25:44.552641: I tensorflow/core/common_runtime/executor.cc:1197] [/device:CPU:0] (DEBUG INFO) Executor start aborting (this does not indicate an error and you can ignore this message): INVALID_ARGUMENT: You must feed a value for placeholder tensor 'Placeholder/_1' with dtype int32 and shape [2320148]
	 [[{{node Placeholder/_1}}]]
2026-05-17 21:25:44.552704: I tensorflow/core/common_runtime/executor.cc:1197] [/device:CPU:0] (DEBUG INFO) Executor start aborting (this does not indicate an error and you can ignore this message): INVALID_ARGUMENT: You must feed a value for placeholder tensor 'Placeholder/_1' with dtype int32 and shape [2320148]
	 [[{{node Placeholder/_1}}]]
2026-05-17 21:25:44.558652: I tensorflow/core/common_runtime/executor.cc:1197] [/device:CPU:0] (DEBUG INFO) Executor start aborting (this does not indicate an error and you can ignore this message): INVALID_ARGUMENT: You must feed a value for placeholder tensor 'Placeholder/_0' with dtype string and shape [2320148]
	 [[{{node Placeholder/_0}}]]
2026-05-17 21:25:44.559813: I tensorflow/core/common_runtime/executor.cc:1197] [/device:CPU:0] (DEBUG INFO) Executor start aborting (this does not indicate an error and you can ignore this message): INVALID_ARGUMENT: You must feed a value for placeholder tensor 'Placeholder/_15' with dtype int64
	 [[{{node Placeholder/_15}}]]
2026-05-17 21:25:44.573414: I tensorflow/core/common_runtime/executor.cc:1197] [/device:CPU:0] (DEBUG INFO) Executor start aborting (this does not indicate an error and you can ignore this message): INVALID_ARGUMENT: You must feed a value for placeholder tensor 'Placeholder/_1' with dtype int32 and shape [2320148]
	 [[{{node Placeholder/_1}}]]
2026-05-17 21:25:44.574169: I tensorflow/core/common_runtime/executor.cc:1197] [/device:CPU:0] (DEBUG INFO) Executor start aborting (this does not indicate an error and you can ignore this message): INVALID_ARGUMENT: You must feed a value for placeholder tensor 'Placeholder/_13' with dtype int64
	 [[{{node Placeholder/_13}}]]
2026-05-17 21:25:44.574963: I tensorflow/core/common_runtime/executor.cc:1197] [/device:CPU:0] (DEBUG INFO) Executor start aborting (this does not indicate an error and you can ignore this message): INVALID_ARGUMENT: You must feed a value for placeholder tensor 'Placeholder/_14' with dtype string
	 [[{{node Placeholder/_14}}]]
2026-05-17 21:25:44.575077: I tensorflow/core/common_runtime/executor.cc:1197] [/device:CPU:0] (DEBUG INFO) Executor start aborting (this does not indicate an error and you can ignore this message): INVALID_ARGUMENT: You must feed a value for placeholder tensor 'Placeholder/_15' with dtype int64
	 [[{{node Placeholder/_15}}]]
2026-05-17 21:25:44.577034: I tensorflow/core/common_runtime/executor.cc:1197] [/device:CPU:0] (DEBUG INFO) Executor start aborting (this does not indicate an error and you can ignore this message): INVALID_ARGUMENT: You must feed a value for placeholder tensor 'Placeholder/_1' with dtype int32 and shape [2320148]
	 [[{{node Placeholder/_1}}]]
2026-05-17 21:25:44.577987: I tensorflow/core/common_runtime/executor.cc:1197] [/device:CPU:0] (DEBUG INFO) Executor start aborting (this does not indicate an error and you can ignore this message): INVALID_ARGUMENT: You must feed a value for placeholder tensor 'Placeholder/_0' with dtype string and shape [2320148]
	 [[{{node Placeholder/_0}}]]
2026-05-17 21:25:44.589959: I tensorflow/core/common_runtime/executor.cc:1197] [/device:CPU:0] (DEBUG INFO) Executor start aborting (this does not indicate an error and you can ignore this message): INVALID_ARGUMENT: You must feed a value for placeholder tensor 'Placeholder/_1' with dtype int32 and shape [2320148]
	 [[{{node Placeholder/_1}}]]
2026-05-17 21:25:44.591383: I tensorflow/core/common_runtime/executor.cc:1197] [/device:CPU:0] (DEBUG INFO) Executor start aborting (this does not indicate an error and you can ignore this message): INVALID_ARGUMENT: You must feed a value for placeholder tensor 'Placeholder/_13' with dtype int64
	 [[{{node Placeholder/_13}}]]
2026-05-17 21:25:44.597757: I tensorflow/core/common_runtime/executor.cc:1197] [/device:CPU:0] (DEBUG INFO) Executor start aborting (this does not indicate an error and you can ignore this message): INVALID_ARGUMENT: You must feed a value for placeholder tensor 'Placeholder/_12' with dtype resource
	 [[{{node Placeholder/_12}}]]
2026-05-17 21:25:44.599655: I tensorflow/core/common_runtime/executor.cc:1197] [/device:CPU:0] (DEBUG INFO) Executor start aborting (this does not indicate an error and you can ignore this message): INVALID_ARGUMENT: You must feed a value for placeholder tensor 'Placeholder/_14' with dtype string
	 [[{{node Placeholder/_14}}]]
2026-05-17 21:25:44.617193: I tensorflow/core/common_runtime/executor.cc:1197] [/device:CPU:0] (DEBUG INFO) Executor start aborting (this does not indicate an error and you can ignore this message): INVALID_ARGUMENT: You must feed a value for placeholder tensor 'Placeholder/_0' with dtype string and shape [2320148]
	 [[{{node Placeholder/_0}}]]
2026-05-17 21:25:44.617597: I tensorflow/core/common_runtime/executor.cc:1197] [/device:CPU:0] (DEBUG INFO) Executor start aborting (this does not indicate an error and you can ignore this message): INVALID_ARGUMENT: You must feed a value for placeholder tensor 'Placeholder/_0' with dtype string and shape [2320148]
	 [[{{node Placeholder/_0}}]]
2026-05-17 21:25:44.618292: I tensorflow/core/common_runtime/executor.cc:1197] [/device:CPU:0] (DEBUG INFO) Executor start aborting (this does not indicate an error and you can ignore this message): INVALID_ARGUMENT: You must feed a value for placeholder tensor 'Placeholder/_12' with dtype resource
	 [[{{node Placeholder/_12}}]]
2026-05-17 21:25:44.618803: I tensorflow/core/common_runtime/executor.cc:1197] [/device:CPU:0] (DEBUG INFO) Executor start aborting (this does not indicate an error and you can ignore this message): INVALID_ARGUMENT: You must feed a value for placeholder tensor 'Placeholder/_1' with dtype int32 and shape [2320148]
	 [[{{node Placeholder/_1}}]]
2026-05-17 21:25:44.628198: I tensorflow/core/common_runtime/executor.cc:1197] [/device:CPU:0] (DEBUG INFO) Executor start aborting (this does not indicate an error and you can ignore this message): INVALID_ARGUMENT: You must feed a value for placeholder tensor 'Placeholder/_12' with dtype resource
	 [[{{node Placeholder/_12}}]]
2026-05-17 21:25:44.629526: I tensorflow/core/common_runtime/executor.cc:1197] [/device:CPU:0] (DEBUG INFO) Executor start aborting (this does not indicate an error and you can ignore this message): INVALID_ARGUMENT: You must feed a value for placeholder tensor 'Placeholder/_15' with dtype int64
	 [[{{node Placeholder/_15}}]]
2026-05-17 21:25:44.634982: I tensorflow/core/common_runtime/executor.cc:1197] [/device:CPU:0] (DEBUG INFO) Executor start aborting (this does not indicate an error and you can ignore this message): INVALID_ARGUMENT: You must feed a value for placeholder tensor 'Placeholder/_15' with dtype int64
	 [[{{node Placeholder/_15}}]]
2026-05-17 21:25:44.635524: I tensorflow/core/common_runtime/executor.cc:1197] [/device:CPU:0] (DEBUG INFO) Executor start aborting (this does not indicate an error and you can ignore this message): INVALID_ARGUMENT: You must feed a value for placeholder tensor 'Placeholder/_12' with dtype resource
	 [[{{node Placeholder/_12}}]]
2026-05-17 21:25:44.635954: I tensorflow/core/common_runtime/executor.cc:1197] [/device:CPU:0] (DEBUG INFO) Executor start aborting (this does not indicate an error and you can ignore this message): INVALID_ARGUMENT: You must feed a value for placeholder tensor 'Placeholder/_0' with dtype string and shape [2320148]
	 [[{{node Placeholder/_0}}]]
2026-05-17 21:25:44.636487: I tensorflow/core/common_runtime/executor.cc:1197] [/device:CPU:0] (DEBUG INFO) Executor start aborting (this does not indicate an error and you can ignore this message): INVALID_ARGUMENT: You must feed a value for placeholder tensor 'Placeholder/_0' with dtype string and shape [2320148]
	 [[{{node Placeholder/_0}}]]
2026-05-17 21:25:44.654408: I tensorflow/core/common_runtime/executor.cc:1197] [/device:CPU:0] (DEBUG INFO) Executor start aborting (this does not indicate an error and you can ignore this message): INVALID_ARGUMENT: You must feed a value for placeholder tensor 'Placeholder/_14' with dtype string
	 [[{{node Placeholder/_14}}]]
2026-05-17 21:25:44.655806: I tensorflow/core/common_runtime/executor.cc:1197] [/device:CPU:0] (DEBUG INFO) Executor start aborting (this does not indicate an error and you can ignore this message): INVALID_ARGUMENT: You must feed a value for placeholder tensor 'Placeholder/_13' with dtype int64
	 [[{{node Placeholder/_13}}]]
2026-05-17 21:25:44.664367: I tensorflow/core/common_runtime/executor.cc:1197] [/device:CPU:0] (DEBUG INFO) Executor start aborting (this does not indicate an error and you can ignore this message): INVALID_ARGUMENT: You must feed a value for placeholder tensor 'Placeholder/_1' with dtype int32 and shape [2320148]
	 [[{{node Placeholder/_1}}]]
2026-05-17 21:25:44.665666: I tensorflow/core/common_runtime/executor.cc:1197] [/device:CPU:0] (DEBUG INFO) Executor start aborting (this does not indicate an error and you can ignore this message): INVALID_ARGUMENT: You must feed a value for placeholder tensor 'Placeholder/_12' with dtype resource
	 [[{{node Placeholder/_12}}]]
2026-05-17 21:25:44.675755: I tensorflow/core/common_runtime/executor.cc:1197] [/device:CPU:0] (DEBUG INFO) Executor start aborting (this does not indicate an error and you can ignore this message): INVALID_ARGUMENT: You must feed a value for placeholder tensor 'Placeholder/_13' with dtype int64
	 [[{{node Placeholder/_13}}]]
2026-05-17 21:25:44.677051: I tensorflow/core/common_runtime/executor.cc:1197] [/device:CPU:0] (DEBUG INFO) Executor start aborting (this does not indicate an error and you can ignore this message): INVALID_ARGUMENT: You must feed a value for placeholder tensor 'Placeholder/_1' with dtype int32 and shape [2320148]
	 [[{{node Placeholder/_1}}]]
2026-05-17 21:25:44.752858: W tensorflow/core/framework/dataset.cc:807] Input of GeneratorDatasetOp::Dataset will not be optimized because the dataset does not implement the AsGraphDefInternal() method needed to apply optimizations.
2026-05-17 21:25:44.753557: I tensorflow/core/common_runtime/executor.cc:1197] [/device:CPU:0] (DEBUG INFO) Executor start aborting (this does not indicate an error and you can ignore this message): INVALID_ARGUMENT: You must feed a value for placeholder tensor 'Placeholder/_0' with dtype variant
	 [[{{node Placeholder/_0}}]]
2026-05-17 21:25:44.757664: W tensorflow/core/framework/dataset.cc:807] Input of GeneratorDatasetOp::Dataset will not be optimized because the dataset does not implement the AsGraphDefInternal() method needed to apply optimizations.
2026-05-17 21:25:44.758343: I tensorflow/core/common_runtime/executor.cc:1197] [/device:CPU:0] (DEBUG INFO) Executor start aborting (this does not indicate an error and you can ignore this message): INVALID_ARGUMENT: You must feed a value for placeholder tensor 'Placeholder/_0' with dtype variant
	 [[{{node Placeholder/_0}}]]
2026-05-17 21:25:44.761852: W tensorflow/core/framework/dataset.cc:807] Input of GeneratorDatasetOp::Dataset will not be optimized because the dataset does not implement the AsGraphDefInternal() method needed to apply optimizations.
2026-05-17 21:25:44.762056: W tensorflow/core/framework/dataset.cc:807] Input of GeneratorDatasetOp::Dataset will not be optimized because the dataset does not implement the AsGraphDefInternal() method needed to apply optimizations.
2026-05-17 21:25:44.762633: I tensorflow/core/common_runtime/executor.cc:1197] [/device:CPU:0] (DEBUG INFO) Executor start aborting (this does not indicate an error and you can ignore this message): INVALID_ARGUMENT: You must feed a value for placeholder tensor 'Placeholder/_0' with dtype variant
	 [[{{node Placeholder/_0}}]]
2026-05-17 21:25:44.762700: I tensorflow/core/common_runtime/executor.cc:1197] [/device:CPU:0] (DEBUG INFO) Executor start aborting (this does not indicate an error and you can ignore this message): INVALID_ARGUMENT: You must feed a value for placeholder tensor 'Placeholder/_0' with dtype variant
	 [[{{node Placeholder/_0}}]]
2026-05-17 21:25:44.766130: W tensorflow/core/framework/dataset.cc:807] Input of GeneratorDatasetOp::Dataset will not be optimized because the dataset does not implement the AsGraphDefInternal() method needed to apply optimizations.
2026-05-17 21:25:44.766811: I tensorflow/core/common_runtime/executor.cc:1197] [/device:CPU:0] (DEBUG INFO) Executor start aborting (this does not indicate an error and you can ignore this message): INVALID_ARGUMENT: You must feed a value for placeholder tensor 'Placeholder/_0' with dtype variant
	 [[{{node Placeholder/_0}}]]
2026-05-17 21:25:44.795328: W tensorflow/core/framework/dataset.cc:807] Input of GeneratorDatasetOp::Dataset will not be optimized because the dataset does not implement the AsGraphDefInternal() method needed to apply optimizations.
2026-05-17 21:25:44.795955: I tensorflow/core/common_runtime/executor.cc:1197] [/device:CPU:0] (DEBUG INFO) Executor start aborting (this does not indicate an error and you can ignore this message): INVALID_ARGUMENT: You must feed a value for placeholder tensor 'Placeholder/_0' with dtype variant
	 [[{{node Placeholder/_0}}]]
2026-05-17 21:25:44.805230: I tensorflow/core/common_runtime/executor.cc:1197] [/device:CPU:0] (DEBUG INFO) Executor start aborting (this does not indicate an error and you can ignore this message): INVALID_ARGUMENT: You must feed a value for placeholder tensor 'Placeholder/_14' with dtype string
	 [[{{node Placeholder/_14}}]]
2026-05-17 21:25:44.806228: I tensorflow/core/common_runtime/executor.cc:1197] [/device:CPU:0] (DEBUG INFO) Executor start aborting (this does not indicate an error and you can ignore this message): INVALID_ARGUMENT: You must feed a value for placeholder tensor 'Placeholder/_14' with dtype string
	 [[{{node Placeholder/_14}}]]
2026-05-17 21:25:44.811056: W tensorflow/core/framework/dataset.cc:807] Input of GeneratorDatasetOp::Dataset will not be optimized because the dataset does not implement the AsGraphDefInternal() method needed to apply optimizations.
2026-05-17 21:25:44.811567: I tensorflow/core/common_runtime/executor.cc:1197] [/device:CPU:0] (DEBUG INFO) Executor start aborting (this does not indicate an error and you can ignore this message): INVALID_ARGUMENT: You must feed a value for placeholder tensor 'Placeholder/_13' with dtype int64
	 [[{{node Placeholder/_13}}]]
2026-05-17 21:25:44.811806: I tensorflow/core/common_runtime/executor.cc:1197] [/device:CPU:0] (DEBUG INFO) Executor start aborting (this does not indicate an error and you can ignore this message): INVALID_ARGUMENT: You must feed a value for placeholder tensor 'Placeholder/_0' with dtype variant
	 [[{{node Placeholder/_0}}]]
2026-05-17 21:25:44.812575: I tensorflow/core/common_runtime/executor.cc:1197] [/device:CPU:0] (DEBUG INFO) Executor start aborting (this does not indicate an error and you can ignore this message): INVALID_ARGUMENT: You must feed a value for placeholder tensor 'Placeholder/_0' with dtype string and shape [2320148]
	 [[{{node Placeholder/_0}}]]
2026-05-17 21:25:44.814162: I tensorflow/core/common_runtime/executor.cc:1197] [/device:CPU:0] (DEBUG INFO) Executor start aborting (this does not indicate an error and you can ignore this message): INVALID_ARGUMENT: You must feed a value for placeholder tensor 'Placeholder/_15' with dtype int64
	 [[{{node Placeholder/_15}}]]
2026-05-17 21:25:44.815226: I tensorflow/core/common_runtime/executor.cc:1197] [/device:CPU:0] (DEBUG INFO) Executor start aborting (this does not indicate an error and you can ignore this message): INVALID_ARGUMENT: You must feed a value for placeholder tensor 'Placeholder/_15' with dtype int64
	 [[{{node Placeholder/_15}}]]
2026-05-17 21:25:44.820227: I tensorflow/core/common_runtime/executor.cc:1197] [/device:CPU:0] (DEBUG INFO) Executor start aborting (this does not indicate an error and you can ignore this message): INVALID_ARGUMENT: You must feed a value for placeholder tensor 'Placeholder/_13' with dtype int64
	 [[{{node Placeholder/_13}}]]
2026-05-17 21:25:44.821368: I tensorflow/core/common_runtime/executor.cc:1197] [/device:CPU:0] (DEBUG INFO) Executor start aborting (this does not indicate an error and you can ignore this message): INVALID_ARGUMENT: You must feed a value for placeholder tensor 'Placeholder/_13' with dtype int64
	 [[{{node Placeholder/_13}}]]
2026-05-17 21:25:44.821289: W tensorflow/core/framework/dataset.cc:807] Input of GeneratorDatasetOp::Dataset will not be optimized because the dataset does not implement the AsGraphDefInternal() method needed to apply optimizations.
2026-05-17 21:25:44.822045: I tensorflow/core/common_runtime/executor.cc:1197] [/device:CPU:0] (DEBUG INFO) Executor start aborting (this does not indicate an error and you can ignore this message): INVALID_ARGUMENT: You must feed a value for placeholder tensor 'Placeholder/_0' with dtype variant
	 [[{{node Placeholder/_0}}]]
2026-05-17 21:25:44.829335: I tensorflow/core/common_runtime/executor.cc:1197] [/device:CPU:0] (DEBUG INFO) Executor start aborting (this does not indicate an error and you can ignore this message): INVALID_ARGUMENT: You must feed a value for placeholder tensor 'Placeholder/_13' with dtype int64
	 [[{{node Placeholder/_13}}]]
2026-05-17 21:25:44.830473: I tensorflow/core/common_runtime/executor.cc:1197] [/device:CPU:0] (DEBUG INFO) Executor start aborting (this does not indicate an error and you can ignore this message): INVALID_ARGUMENT: You must feed a value for placeholder tensor 'Placeholder/_0' with dtype string and shape [2320148]
	 [[{{node Placeholder/_0}}]]
2026-05-17 21:25:44.845178: I tensorflow/core/common_runtime/executor.cc:1197] [/device:CPU:0] (DEBUG INFO) Executor start aborting (this does not indicate an error and you can ignore this message): INVALID_ARGUMENT: You must feed a value for placeholder tensor 'Placeholder/_0' with dtype string and shape [2320148]
	 [[{{node Placeholder/_0}}]]
2026-05-17 21:25:44.846178: I tensorflow/core/common_runtime/executor.cc:1197] [/device:CPU:0] (DEBUG INFO) Executor start aborting (this does not indicate an error and you can ignore this message): INVALID_ARGUMENT: You must feed a value for placeholder tensor 'Placeholder/_0' with dtype string and shape [2320148]
	 [[{{node Placeholder/_0}}]]
2026-05-17 21:25:44.873232: I tensorflow/core/common_runtime/executor.cc:1197] [/device:CPU:0] (DEBUG INFO) Executor start aborting (this does not indicate an error and you can ignore this message): INVALID_ARGUMENT: You must feed a value for placeholder tensor 'Placeholder/_15' with dtype int64
	 [[{{node Placeholder/_15}}]]
2026-05-17 21:25:44.874372: I tensorflow/core/common_runtime/executor.cc:1197] [/device:CPU:0] (DEBUG INFO) Executor start aborting (this does not indicate an error and you can ignore this message): INVALID_ARGUMENT: You must feed a value for placeholder tensor 'Placeholder/_12' with dtype resource
	 [[{{node Placeholder/_12}}]]
2026-05-17 21:25:44.875529: I tensorflow/core/common_runtime/executor.cc:1197] [/device:CPU:0] (DEBUG INFO) Executor start aborting (this does not indicate an error and you can ignore this message): INVALID_ARGUMENT: You must feed a value for placeholder tensor 'Placeholder/_15' with dtype int64
	 [[{{node Placeholder/_15}}]]
2026-05-17 21:25:44.876580: I tensorflow/core/common_runtime/executor.cc:1197] [/device:CPU:0] (DEBUG INFO) Executor start aborting (this does not indicate an error and you can ignore this message): INVALID_ARGUMENT: You must feed a value for placeholder tensor 'Placeholder/_12' with dtype resource
	 [[{{node Placeholder/_12}}]]
2026-05-17 21:25:44.923639: I tensorflow/core/common_runtime/executor.cc:1197] [/device:CPU:0] (DEBUG INFO) Executor start aborting (this does not indicate an error and you can ignore this message): INVALID_ARGUMENT: You must feed a value for placeholder tensor 'Placeholder/_0' with dtype variant
	 [[{{node Placeholder/_0}}]]
2026-05-17 21:25:44.927118: I tensorflow/core/common_runtime/executor.cc:1197] [/device:CPU:0] (DEBUG INFO) Executor start aborting (this does not indicate an error and you can ignore this message): INVALID_ARGUMENT: You must feed a value for placeholder tensor 'Placeholder/_0' with dtype variant
	 [[{{node Placeholder/_0}}]]
2026-05-17 21:25:44.935152: I tensorflow/core/common_runtime/executor.cc:1197] [/device:CPU:0] (DEBUG INFO) Executor start aborting (this does not indicate an error and you can ignore this message): INVALID_ARGUMENT: You must feed a value for placeholder tensor 'Placeholder/_0' with dtype variant
	 [[{{node Placeholder/_0}}]]
2026-05-17 21:25:44.948913: I tensorflow/core/common_runtime/executor.cc:1197] [/device:CPU:0] (DEBUG INFO) Executor start aborting (this does not indicate an error and you can ignore this message): INVALID_ARGUMENT: You must feed a value for placeholder tensor 'Placeholder/_0' with dtype variant
	 [[{{node Placeholder/_0}}]]
2026-05-17 21:25:44.956972: I tensorflow/core/common_runtime/executor.cc:1197] [/device:CPU:0] (DEBUG INFO) Executor start aborting (this does not indicate an error and you can ignore this message): INVALID_ARGUMENT: You must feed a value for placeholder tensor 'Placeholder/_0' with dtype variant
	 [[{{node Placeholder/_0}}]]
2026-05-17 21:25:44.965147: I tensorflow/core/common_runtime/executor.cc:1197] [/device:CPU:0] (DEBUG INFO) Executor start aborting (this does not indicate an error and you can ignore this message): INVALID_ARGUMENT: You must feed a value for placeholder tensor 'Placeholder/_0' with dtype variant
	 [[{{node Placeholder/_0}}]]
2026-05-17 21:25:45.018305: I tensorflow/core/common_runtime/executor.cc:1197] [/device:CPU:0] (DEBUG INFO) Executor start aborting (this does not indicate an error and you can ignore this message): INVALID_ARGUMENT: You must feed a value for placeholder tensor 'Placeholder/_0' with dtype variant
	 [[{{node Placeholder/_0}}]]
2026-05-17 21:25:45.020462: I tensorflow/core/common_runtime/executor.cc:1197] [/device:CPU:0] (DEBUG INFO) Executor start aborting (this does not indicate an error and you can ignore this message): INVALID_ARGUMENT: You must feed a value for placeholder tensor 'Placeholder/_0' with dtype variant
	 [[{{node Placeholder/_0}}]]
2026-05-17 21:25:48.647781: I tensorflow/core/common_runtime/executor.cc:1197] [/device:CPU:0] (DEBUG INFO) Executor start aborting (this does not indicate an error and you can ignore this message): INVALID_ARGUMENT: You must feed a value for placeholder tensor 'gradients/ReverseV2_grad/ReverseV2/ReverseV2/axis' with dtype int32 and shape [1]
	 [[{{node gradients/ReverseV2_grad/ReverseV2/ReverseV2/axis}}]]
2026-05-17 21:25:48.686576: I tensorflow/core/common_runtime/executor.cc:1197] [/device:CPU:0] (DEBUG INFO) Executor start aborting (this does not indicate an error and you can ignore this message): INVALID_ARGUMENT: You must feed a value for placeholder tensor 'gradients/ReverseV2_grad/ReverseV2/ReverseV2/axis' with dtype int32 and shape [1]
	 [[{{node gradients/ReverseV2_grad/ReverseV2/ReverseV2/axis}}]]
2026-05-17 21:25:48.716973: I tensorflow/core/common_runtime/executor.cc:1197] [/device:CPU:0] (DEBUG INFO) Executor start aborting (this does not indicate an error and you can ignore this message): INVALID_ARGUMENT: You must feed a value for placeholder tensor 'gradients/ReverseV2_grad/ReverseV2/ReverseV2/axis' with dtype int32 and shape [1]
	 [[{{node gradients/ReverseV2_grad/ReverseV2/ReverseV2/axis}}]]
2026-05-17 21:25:48.728475: I tensorflow/core/common_runtime/executor.cc:1197] [/device:CPU:0] (DEBUG INFO) Executor start aborting (this does not indicate an error and you can ignore this message): INVALID_ARGUMENT: You must feed a value for placeholder tensor 'gradients/ReverseV2_grad/ReverseV2/ReverseV2/axis' with dtype int32 and shape [1]
	 [[{{node gradients/ReverseV2_grad/ReverseV2/ReverseV2/axis}}]]
2026-05-17 21:25:48.738699: I tensorflow/core/common_runtime/executor.cc:1197] [/device:CPU:0] (DEBUG INFO) Executor start aborting (this does not indicate an error and you can ignore this message): INVALID_ARGUMENT: You must feed a value for placeholder tensor 'gradients/ReverseV2_grad/ReverseV2/ReverseV2/axis' with dtype int32 and shape [1]
	 [[{{node gradients/ReverseV2_grad/ReverseV2/ReverseV2/axis}}]]
2026-05-17 21:25:48.791764: I tensorflow/core/common_runtime/executor.cc:1197] [/device:CPU:0] (DEBUG INFO) Executor start aborting (this does not indicate an error and you can ignore this message): INVALID_ARGUMENT: You must feed a value for placeholder tensor 'gradients/ReverseV2_grad/ReverseV2/ReverseV2/axis' with dtype int32 and shape [1]
	 [[{{node gradients/ReverseV2_grad/ReverseV2/ReverseV2/axis}}]]
2026-05-17 21:25:48.879729: I tensorflow/core/common_runtime/executor.cc:1197] [/device:CPU:0] (DEBUG INFO) Executor start aborting (this does not indicate an error and you can ignore this message): INVALID_ARGUMENT: You must feed a value for placeholder tensor 'gradients/ReverseV2_grad/ReverseV2/ReverseV2/axis' with dtype int32 and shape [1]
	 [[{{node gradients/ReverseV2_grad/ReverseV2/ReverseV2/axis}}]]
2026-05-17 21:25:48.945211: I tensorflow/core/common_runtime/executor.cc:1197] [/device:CPU:0] (DEBUG INFO) Executor start aborting (this does not indicate an error and you can ignore this message): INVALID_ARGUMENT: You must feed a value for placeholder tensor 'gradients/ReverseV2_grad/ReverseV2/ReverseV2/axis' with dtype int32 and shape [1]
	 [[{{node gradients/ReverseV2_grad/ReverseV2/ReverseV2/axis}}]]
2026-05-17 21:25:54.509309: I tensorflow/core/common_runtime/executor.cc:1197] [/device:CPU:0] (DEBUG INFO) Executor start aborting (this does not indicate an error and you can ignore this message): INVALID_ARGUMENT: You must feed a value for placeholder tensor 'gradients/ReverseV2_grad/ReverseV2/ReverseV2/axis' with dtype int32 and shape [1]
	 [[{{node gradients/ReverseV2_grad/ReverseV2/ReverseV2/axis}}]]
2026-05-17 21:25:54.539076: I tensorflow/core/common_runtime/executor.cc:1197] [/device:CPU:0] (DEBUG INFO) Executor start aborting (this does not indicate an error and you can ignore this message): INVALID_ARGUMENT: You must feed a value for placeholder tensor 'gradients/ReverseV2_grad/ReverseV2/ReverseV2/axis' with dtype int32 and shape [1]
	 [[{{node gradients/ReverseV2_grad/ReverseV2/ReverseV2/axis}}]]
2026-05-17 21:25:54.561596: I tensorflow/core/common_runtime/executor.cc:1197] [/device:CPU:0] (DEBUG INFO) Executor start aborting (this does not indicate an error and you can ignore this message): INVALID_ARGUMENT: You must feed a value for placeholder tensor 'gradients/ReverseV2_grad/ReverseV2/ReverseV2/axis' with dtype int32 and shape [1]
	 [[{{node gradients/ReverseV2_grad/ReverseV2/ReverseV2/axis}}]]
2026-05-17 21:25:54.602638: I tensorflow/core/common_runtime/executor.cc:1197] [/device:CPU:0] (DEBUG INFO) Executor start aborting (this does not indicate an error and you can ignore this message): INVALID_ARGUMENT: You must feed a value for placeholder tensor 'gradients/ReverseV2_grad/ReverseV2/ReverseV2/axis' with dtype int32 and shape [1]
	 [[{{node gradients/ReverseV2_grad/ReverseV2/ReverseV2/axis}}]]
2026-05-17 21:25:54.670204: I tensorflow/core/common_runtime/executor.cc:1197] [/device:CPU:0] (DEBUG INFO) Executor start aborting (this does not indicate an error and you can ignore this message): INVALID_ARGUMENT: You must feed a value for placeholder tensor 'gradients/ReverseV2_grad/ReverseV2/ReverseV2/axis' with dtype int32 and shape [1]
	 [[{{node gradients/ReverseV2_grad/ReverseV2/ReverseV2/axis}}]]
2026-05-17 21:25:54.700131: I tensorflow/core/common_runtime/executor.cc:1197] [/device:CPU:0] (DEBUG INFO) Executor start aborting (this does not indicate an error and you can ignore this message): INVALID_ARGUMENT: You must feed a value for placeholder tensor 'gradients/ReverseV2_grad/ReverseV2/ReverseV2/axis' with dtype int32 and shape [1]
	 [[{{node gradients/ReverseV2_grad/ReverseV2/ReverseV2/axis}}]]
2026-05-17 21:25:54.721873: I tensorflow/core/common_runtime/executor.cc:1197] [/device:CPU:0] (DEBUG INFO) Executor start aborting (this does not indicate an error and you can ignore this message): INVALID_ARGUMENT: You must feed a value for placeholder tensor 'gradients/ReverseV2_grad/ReverseV2/ReverseV2/axis' with dtype int32 and shape [1]
	 [[{{node gradients/ReverseV2_grad/ReverseV2/ReverseV2/axis}}]]
2026-05-17 21:25:54.955534: I tensorflow/core/common_runtime/executor.cc:1197] [/device:CPU:0] (DEBUG INFO) Executor start aborting (this does not indicate an error and you can ignore this message): INVALID_ARGUMENT: You must feed a value for placeholder tensor 'gradients/ReverseV2_grad/ReverseV2/ReverseV2/axis' with dtype int32 and shape [1]
	 [[{{node gradients/ReverseV2_grad/ReverseV2/ReverseV2/axis}}]]
2026-05-17 23:14:00.569409: I tensorflow/core/common_runtime/executor.cc:1197] [/device:CPU:0] (DEBUG INFO) Executor start aborting (this does not indicate an error and you can ignore this message): INVALID_ARGUMENT: You must feed a value for placeholder tensor 'Placeholder/_8' with dtype int64
	 [[{{node Placeholder/_8}}]]
2026-05-17 23:14:00.570410: I tensorflow/core/common_runtime/executor.cc:1197] [/device:CPU:0] (DEBUG INFO) Executor start aborting (this does not indicate an error and you can ignore this message): INVALID_ARGUMENT: You must feed a value for placeholder tensor 'Placeholder/_0' with dtype string and shape [497457]
	 [[{{node Placeholder/_0}}]]
2026-05-17 23:14:00.575087: I tensorflow/core/common_runtime/executor.cc:1197] [/device:CPU:0] (DEBUG INFO) Executor start aborting (this does not indicate an error and you can ignore this message): INVALID_ARGUMENT: You must feed a value for placeholder tensor 'Placeholder/_1' with dtype int32 and shape [497457]
	 [[{{node Placeholder/_1}}]]
2026-05-17 23:14:00.575465: I tensorflow/core/common_runtime/executor.cc:1197] [/device:CPU:0] (DEBUG INFO) Executor start aborting (this does not indicate an error and you can ignore this message): INVALID_ARGUMENT: You must feed a value for placeholder tensor 'Placeholder/_0' with dtype string and shape [497457]
	 [[{{node Placeholder/_0}}]]
2026-05-17 23:14:00.576809: I tensorflow/core/common_runtime/executor.cc:1197] [/device:CPU:0] (DEBUG INFO) Executor start aborting (this does not indicate an error and you can ignore this message): INVALID_ARGUMENT: You must feed a value for placeholder tensor 'Placeholder/_7' with dtype resource
	 [[{{node Placeholder/_7}}]]
2026-05-17 23:14:00.576912: I tensorflow/core/common_runtime/executor.cc:1197] [/device:CPU:0] (DEBUG INFO) Executor start aborting (this does not indicate an error and you can ignore this message): INVALID_ARGUMENT: You must feed a value for placeholder tensor 'Placeholder/_9' with dtype string
	 [[{{node Placeholder/_9}}]]
2026-05-17 23:14:00.582639: I tensorflow/core/common_runtime/executor.cc:1197] [/device:CPU:0] (DEBUG INFO) Executor start aborting (this does not indicate an error and you can ignore this message): INVALID_ARGUMENT: You must feed a value for placeholder tensor 'Placeholder/_9' with dtype string
	 [[{{node Placeholder/_9}}]]
2026-05-17 23:14:00.584011: I tensorflow/core/common_runtime/executor.cc:1197] [/device:CPU:0] (DEBUG INFO) Executor start aborting (this does not indicate an error and you can ignore this message): INVALID_ARGUMENT: You must feed a value for placeholder tensor 'Placeholder/_0' with dtype string and shape [497457]
	 [[{{node Placeholder/_0}}]]
2026-05-17 23:14:00.585301: I tensorflow/core/common_runtime/executor.cc:1197] [/device:CPU:0] (DEBUG INFO) Executor start aborting (this does not indicate an error and you can ignore this message): INVALID_ARGUMENT: You must feed a value for placeholder tensor 'Placeholder/_7' with dtype resource
	 [[{{node Placeholder/_7}}]]
2026-05-17 23:14:00.586764: I tensorflow/core/common_runtime/executor.cc:1197] [/device:CPU:0] (DEBUG INFO) Executor start aborting (this does not indicate an error and you can ignore this message): INVALID_ARGUMENT: You must feed a value for placeholder tensor 'Placeholder/_0' with dtype string and shape [497457]
	 [[{{node Placeholder/_0}}]]
2026-05-17 23:14:00.587302: I tensorflow/core/common_runtime/executor.cc:1197] [/device:CPU:0] (DEBUG INFO) Executor start aborting (this does not indicate an error and you can ignore this message): INVALID_ARGUMENT: You must feed a value for placeholder tensor 'Placeholder/_8' with dtype int64
	 [[{{node Placeholder/_8}}]]
2026-05-17 23:14:00.589159: I tensorflow/core/common_runtime/executor.cc:1197] [/device:CPU:0] (DEBUG INFO) Executor start aborting (this does not indicate an error and you can ignore this message): INVALID_ARGUMENT: You must feed a value for placeholder tensor 'Placeholder/_10' with dtype int64
	 [[{{node Placeholder/_10}}]]
2026-05-17 23:14:00.589580: I tensorflow/core/common_runtime/executor.cc:1197] [/device:CPU:0] (DEBUG INFO) Executor start aborting (this does not indicate an error and you can ignore this message): INVALID_ARGUMENT: You must feed a value for placeholder tensor 'Placeholder/_9' with dtype string
	 [[{{node Placeholder/_9}}]]
2026-05-17 23:14:00.590677: I tensorflow/core/common_runtime/executor.cc:1197] [/device:CPU:0] (DEBUG INFO) Executor start aborting (this does not indicate an error and you can ignore this message): INVALID_ARGUMENT: You must feed a value for placeholder tensor 'Placeholder/_0' with dtype string and shape [497457]
	 [[{{node Placeholder/_0}}]]
2026-05-17 23:14:00.591133: I tensorflow/core/common_runtime/executor.cc:1197] [/device:CPU:0] (DEBUG INFO) Executor start aborting (this does not indicate an error and you can ignore this message): INVALID_ARGUMENT: You must feed a value for placeholder tensor 'Placeholder/_0' with dtype string and shape [497457]
	 [[{{node Placeholder/_0}}]]
2026-05-17 23:14:00.592123: I tensorflow/core/common_runtime/executor.cc:1197] [/device:CPU:0] (DEBUG INFO) Executor start aborting (this does not indicate an error and you can ignore this message): INVALID_ARGUMENT: You must feed a value for placeholder tensor 'Placeholder/_0' with dtype string and shape [497457]
	 [[{{node Placeholder/_0}}]]
2026-05-17 23:14:00.605363: I tensorflow/core/common_runtime/executor.cc:1197] [/device:CPU:0] (DEBUG INFO) Executor start aborting (this does not indicate an error and you can ignore this message): INVALID_ARGUMENT: You must feed a value for placeholder tensor 'Placeholder/_9' with dtype string
	 [[{{node Placeholder/_9}}]]
2026-05-17 23:14:00.606305: I tensorflow/core/common_runtime/executor.cc:1197] [/device:CPU:0] (DEBUG INFO) Executor start aborting (this does not indicate an error and you can ignore this message): INVALID_ARGUMENT: You must feed a value for placeholder tensor 'Placeholder/_8' with dtype int64
	 [[{{node Placeholder/_8}}]]
2026-05-17 23:14:00.616068: I tensorflow/core/common_runtime/executor.cc:1197] [/device:CPU:0] (DEBUG INFO) Executor start aborting (this does not indicate an error and you can ignore this message): INVALID_ARGUMENT: You must feed a value for placeholder tensor 'Placeholder/_1' with dtype int32 and shape [497457]
	 [[{{node Placeholder/_1}}]]
2026-05-17 23:14:00.617425: I tensorflow/core/common_runtime/executor.cc:1197] [/device:CPU:0] (DEBUG INFO) Executor start aborting (this does not indicate an error and you can ignore this message): INVALID_ARGUMENT: You must feed a value for placeholder tensor 'Placeholder/_8' with dtype int64
	 [[{{node Placeholder/_8}}]]
2026-05-17 23:14:00.619496: I tensorflow/core/common_runtime/executor.cc:1197] [/device:CPU:0] (DEBUG INFO) Executor start aborting (this does not indicate an error and you can ignore this message): INVALID_ARGUMENT: You must feed a value for placeholder tensor 'Placeholder/_7' with dtype resource
	 [[{{node Placeholder/_7}}]]
2026-05-17 23:14:00.620595: I tensorflow/core/common_runtime/executor.cc:1197] [/device:CPU:0] (DEBUG INFO) Executor start aborting (this does not indicate an error and you can ignore this message): INVALID_ARGUMENT: You must feed a value for placeholder tensor 'Placeholder/_0' with dtype string and shape [497457]
	 [[{{node Placeholder/_0}}]]
2026-05-17 23:14:00.632188: I tensorflow/core/common_runtime/executor.cc:1197] [/device:CPU:0] (DEBUG INFO) Executor start aborting (this does not indicate an error and you can ignore this message): INVALID_ARGUMENT: You must feed a value for placeholder tensor 'Placeholder/_9' with dtype string
	 [[{{node Placeholder/_9}}]]
2026-05-17 23:14:00.633514: I tensorflow/core/common_runtime/executor.cc:1197] [/device:CPU:0] (DEBUG INFO) Executor start aborting (this does not indicate an error and you can ignore this message): INVALID_ARGUMENT: You must feed a value for placeholder tensor 'Placeholder/_9' with dtype string
	 [[{{node Placeholder/_9}}]]
2026-05-17 23:14:00.634278: I tensorflow/core/common_runtime/executor.cc:1197] [/device:CPU:0] (DEBUG INFO) Executor start aborting (this does not indicate an error and you can ignore this message): INVALID_ARGUMENT: You must feed a value for placeholder tensor 'Placeholder/_7' with dtype resource
	 [[{{node Placeholder/_7}}]]
2026-05-17 23:14:00.635597: I tensorflow/core/common_runtime/executor.cc:1197] [/device:CPU:0] (DEBUG INFO) Executor start aborting (this does not indicate an error and you can ignore this message): INVALID_ARGUMENT: You must feed a value for placeholder tensor 'Placeholder/_0' with dtype string and shape [497457]
	 [[{{node Placeholder/_0}}]]
2026-05-17 23:14:00.645617: I tensorflow/core/common_runtime/executor.cc:1197] [/device:CPU:0] (DEBUG INFO) Executor start aborting (this does not indicate an error and you can ignore this message): INVALID_ARGUMENT: You must feed a value for placeholder tensor 'Placeholder/_10' with dtype int64
	 [[{{node Placeholder/_10}}]]
2026-05-17 23:14:00.645762: I tensorflow/core/common_runtime/executor.cc:1197] [/device:CPU:0] (DEBUG INFO) Executor start aborting (this does not indicate an error and you can ignore this message): INVALID_ARGUMENT: You must feed a value for placeholder tensor 'Placeholder/_7' with dtype resource
	 [[{{node Placeholder/_7}}]]
2026-05-17 23:14:00.645951: I tensorflow/core/common_runtime/executor.cc:1197] [/device:CPU:0] (DEBUG INFO) Executor start aborting (this does not indicate an error and you can ignore this message): INVALID_ARGUMENT: You must feed a value for placeholder tensor 'Placeholder/_7' with dtype resource
	 [[{{node Placeholder/_7}}]]
2026-05-17 23:14:00.647055: I tensorflow/core/common_runtime/executor.cc:1197] [/device:CPU:0] (DEBUG INFO) Executor start aborting (this does not indicate an error and you can ignore this message): INVALID_ARGUMENT: You must feed a value for placeholder tensor 'Placeholder/_1' with dtype int32 and shape [497457]
	 [[{{node Placeholder/_1}}]]
2026-05-17 23:14:00.647248: I tensorflow/core/common_runtime/executor.cc:1197] [/device:CPU:0] (DEBUG INFO) Executor start aborting (this does not indicate an error and you can ignore this message): INVALID_ARGUMENT: You must feed a value for placeholder tensor 'Placeholder/_1' with dtype int32 and shape [497457]
	 [[{{node Placeholder/_1}}]]
2026-05-17 23:14:00.647403: I tensorflow/core/common_runtime/executor.cc:1197] [/device:CPU:0] (DEBUG INFO) Executor start aborting (this does not indicate an error and you can ignore this message): INVALID_ARGUMENT: You must feed a value for placeholder tensor 'Placeholder/_9' with dtype string
	 [[{{node Placeholder/_9}}]]
2026-05-17 23:14:00.709649: W tensorflow/core/framework/dataset.cc:807] Input of GeneratorDatasetOp::Dataset will not be optimized because the dataset does not implement the AsGraphDefInternal() method needed to apply optimizations.
2026-05-17 23:14:00.710276: I tensorflow/core/common_runtime/executor.cc:1197] [/device:CPU:0] (DEBUG INFO) Executor start aborting (this does not indicate an error and you can ignore this message): INVALID_ARGUMENT: You must feed a value for placeholder tensor 'Placeholder/_0' with dtype variant
	 [[{{node Placeholder/_0}}]]
2026-05-17 23:14:00.723684: W tensorflow/core/framework/dataset.cc:807] Input of GeneratorDatasetOp::Dataset will not be optimized because the dataset does not implement the AsGraphDefInternal() method needed to apply optimizations.
2026-05-17 23:14:00.724326: I tensorflow/core/common_runtime/executor.cc:1197] [/device:CPU:0] (DEBUG INFO) Executor start aborting (this does not indicate an error and you can ignore this message): INVALID_ARGUMENT: You must feed a value for placeholder tensor 'Placeholder/_0' with dtype variant
	 [[{{node Placeholder/_0}}]]
2026-05-17 23:14:00.729032: W tensorflow/core/framework/dataset.cc:807] Input of GeneratorDatasetOp::Dataset will not be optimized because the dataset does not implement the AsGraphDefInternal() method needed to apply optimizations.
2026-05-17 23:14:00.730050: I tensorflow/core/common_runtime/executor.cc:1197] [/device:CPU:0] (DEBUG INFO) Executor start aborting (this does not indicate an error and you can ignore this message): INVALID_ARGUMENT: You must feed a value for placeholder tensor 'Placeholder/_0' with dtype variant
	 [[{{node Placeholder/_0}}]]
2026-05-17 23:14:00.751623: W tensorflow/core/framework/dataset.cc:807] Input of GeneratorDatasetOp::Dataset will not be optimized because the dataset does not implement the AsGraphDefInternal() method needed to apply optimizations.
2026-05-17 23:14:00.752223: I tensorflow/core/common_runtime/executor.cc:1197] [/device:CPU:0] (DEBUG INFO) Executor start aborting (this does not indicate an error and you can ignore this message): INVALID_ARGUMENT: You must feed a value for placeholder tensor 'Placeholder/_0' with dtype variant
	 [[{{node Placeholder/_0}}]]
2026-05-17 23:14:00.756515: I tensorflow/core/common_runtime/executor.cc:1197] [/device:CPU:0] (DEBUG INFO) Executor start aborting (this does not indicate an error and you can ignore this message): INVALID_ARGUMENT: You must feed a value for placeholder tensor 'Placeholder/_7' with dtype resource
	 [[{{node Placeholder/_7}}]]
2026-05-17 23:14:00.757381: I tensorflow/core/common_runtime/executor.cc:1197] [/device:CPU:0] (DEBUG INFO) Executor start aborting (this does not indicate an error and you can ignore this message): INVALID_ARGUMENT: You must feed a value for placeholder tensor 'Placeholder/_0' with dtype string and shape [497457]
	 [[{{node Placeholder/_0}}]]
2026-05-17 23:14:00.757958: W tensorflow/core/framework/dataset.cc:807] Input of GeneratorDatasetOp::Dataset will not be optimized because the dataset does not implement the AsGraphDefInternal() method needed to apply optimizations.
2026-05-17 23:14:00.758605: I tensorflow/core/common_runtime/executor.cc:1197] [/device:CPU:0] (DEBUG INFO) Executor start aborting (this does not indicate an error and you can ignore this message): INVALID_ARGUMENT: You must feed a value for placeholder tensor 'Placeholder/_0' with dtype variant
	 [[{{node Placeholder/_0}}]]
2026-05-17 23:14:00.769283: I tensorflow/core/common_runtime/executor.cc:1197] [/device:CPU:0] (DEBUG INFO) Executor start aborting (this does not indicate an error and you can ignore this message): INVALID_ARGUMENT: You must feed a value for placeholder tensor 'Placeholder/_10' with dtype int64
	 [[{{node Placeholder/_10}}]]
2026-05-17 23:14:00.770173: I tensorflow/core/common_runtime/executor.cc:1197] [/device:CPU:0] (DEBUG INFO) Executor start aborting (this does not indicate an error and you can ignore this message): INVALID_ARGUMENT: You must feed a value for placeholder tensor 'Placeholder/_1' with dtype int32 and shape [497457]
	 [[{{node Placeholder/_1}}]]
2026-05-17 23:14:00.772433: I tensorflow/core/common_runtime/executor.cc:1197] [/device:CPU:0] (DEBUG INFO) Executor start aborting (this does not indicate an error and you can ignore this message): INVALID_ARGUMENT: You must feed a value for placeholder tensor 'Placeholder/_8' with dtype int64
	 [[{{node Placeholder/_8}}]]
2026-05-17 23:14:00.773343: I tensorflow/core/common_runtime/executor.cc:1197] [/device:CPU:0] (DEBUG INFO) Executor start aborting (this does not indicate an error and you can ignore this message): INVALID_ARGUMENT: You must feed a value for placeholder tensor 'Placeholder/_0' with dtype string and shape [497457]
	 [[{{node Placeholder/_0}}]]
2026-05-17 23:14:00.773558: W tensorflow/core/framework/dataset.cc:807] Input of GeneratorDatasetOp::Dataset will not be optimized because the dataset does not implement the AsGraphDefInternal() method needed to apply optimizations.
2026-05-17 23:14:00.774182: I tensorflow/core/common_runtime/executor.cc:1197] [/device:CPU:0] (DEBUG INFO) Executor start aborting (this does not indicate an error and you can ignore this message): INVALID_ARGUMENT: You must feed a value for placeholder tensor 'Placeholder/_0' with dtype variant
	 [[{{node Placeholder/_0}}]]
2026-05-17 23:14:00.775488: W tensorflow/core/framework/dataset.cc:807] Input of GeneratorDatasetOp::Dataset will not be optimized because the dataset does not implement the AsGraphDefInternal() method needed to apply optimizations.
2026-05-17 23:14:00.776176: I tensorflow/core/common_runtime/executor.cc:1197] [/device:CPU:0] (DEBUG INFO) Executor start aborting (this does not indicate an error and you can ignore this message): INVALID_ARGUMENT: You must feed a value for placeholder tensor 'Placeholder/_0' with dtype variant
	 [[{{node Placeholder/_0}}]]
2026-05-17 23:14:00.781421: W tensorflow/core/framework/dataset.cc:807] Input of GeneratorDatasetOp::Dataset will not be optimized because the dataset does not implement the AsGraphDefInternal() method needed to apply optimizations.
2026-05-17 23:14:00.782354: I tensorflow/core/common_runtime/executor.cc:1197] [/device:CPU:0] (DEBUG INFO) Executor start aborting (this does not indicate an error and you can ignore this message): INVALID_ARGUMENT: You must feed a value for placeholder tensor 'Placeholder/_0' with dtype variant
	 [[{{node Placeholder/_0}}]]
2026-05-17 23:14:00.793155: I tensorflow/core/common_runtime/executor.cc:1197] [/device:CPU:0] (DEBUG INFO) Executor start aborting (this does not indicate an error and you can ignore this message): INVALID_ARGUMENT: You must feed a value for placeholder tensor 'Placeholder/_7' with dtype resource
	 [[{{node Placeholder/_7}}]]
2026-05-17 23:14:00.794038: I tensorflow/core/common_runtime/executor.cc:1197] [/device:CPU:0] (DEBUG INFO) Executor start aborting (this does not indicate an error and you can ignore this message): INVALID_ARGUMENT: You must feed a value for placeholder tensor 'Placeholder/_1' with dtype int32 and shape [497457]
	 [[{{node Placeholder/_1}}]]
2026-05-17 23:14:00.798692: I tensorflow/core/common_runtime/executor.cc:1197] [/device:CPU:0] (DEBUG INFO) Executor start aborting (this does not indicate an error and you can ignore this message): INVALID_ARGUMENT: You must feed a value for placeholder tensor 'Placeholder/_7' with dtype resource
	 [[{{node Placeholder/_7}}]]
2026-05-17 23:14:00.799535: I tensorflow/core/common_runtime/executor.cc:1197] [/device:CPU:0] (DEBUG INFO) Executor start aborting (this does not indicate an error and you can ignore this message): INVALID_ARGUMENT: You must feed a value for placeholder tensor 'Placeholder/_7' with dtype resource
	 [[{{node Placeholder/_7}}]]
2026-05-17 23:14:00.817148: I tensorflow/core/common_runtime/executor.cc:1197] [/device:CPU:0] (DEBUG INFO) Executor start aborting (this does not indicate an error and you can ignore this message): INVALID_ARGUMENT: You must feed a value for placeholder tensor 'Placeholder/_0' with dtype string and shape [497457]
	 [[{{node Placeholder/_0}}]]
2026-05-17 23:14:00.817876: I tensorflow/core/common_runtime/executor.cc:1197] [/device:CPU:0] (DEBUG INFO) Executor start aborting (this does not indicate an error and you can ignore this message): INVALID_ARGUMENT: You must feed a value for placeholder tensor 'Placeholder/_0' with dtype string and shape [497457]
	 [[{{node Placeholder/_0}}]]
2026-05-17 23:14:00.817965: I tensorflow/core/common_runtime/executor.cc:1197] [/device:CPU:0] (DEBUG INFO) Executor start aborting (this does not indicate an error and you can ignore this message): INVALID_ARGUMENT: You must feed a value for placeholder tensor 'Placeholder/_1' with dtype int32 and shape [497457]
	 [[{{node Placeholder/_1}}]]
2026-05-17 23:14:00.818736: I tensorflow/core/common_runtime/executor.cc:1197] [/device:CPU:0] (DEBUG INFO) Executor start aborting (this does not indicate an error and you can ignore this message): INVALID_ARGUMENT: You must feed a value for placeholder tensor 'Placeholder/_10' with dtype int64
	 [[{{node Placeholder/_10}}]]
2026-05-17 23:14:00.831211: I tensorflow/core/common_runtime/executor.cc:1197] [/device:CPU:0] (DEBUG INFO) Executor start aborting (this does not indicate an error and you can ignore this message): INVALID_ARGUMENT: You must feed a value for placeholder tensor 'Placeholder/_7' with dtype resource
	 [[{{node Placeholder/_7}}]]
2026-05-17 23:14:00.832102: I tensorflow/core/common_runtime/executor.cc:1197] [/device:CPU:0] (DEBUG INFO) Executor start aborting (this does not indicate an error and you can ignore this message): INVALID_ARGUMENT: You must feed a value for placeholder tensor 'Placeholder/_8' with dtype int64
	 [[{{node Placeholder/_8}}]]
2026-05-17 23:14:00.858042: I tensorflow/core/common_runtime/executor.cc:1197] [/device:CPU:0] (DEBUG INFO) Executor start aborting (this does not indicate an error and you can ignore this message): INVALID_ARGUMENT: You must feed a value for placeholder tensor 'Placeholder/_0' with dtype variant
	 [[{{node Placeholder/_0}}]]
2026-05-17 23:14:00.873451: I tensorflow/core/common_runtime/executor.cc:1197] [/device:CPU:0] (DEBUG INFO) Executor start aborting (this does not indicate an error and you can ignore this message): INVALID_ARGUMENT: You must feed a value for placeholder tensor 'Placeholder/_0' with dtype variant
	 [[{{node Placeholder/_0}}]]
2026-05-17 23:14:00.874575: I tensorflow/core/common_runtime/executor.cc:1197] [/device:CPU:0] (DEBUG INFO) Executor start aborting (this does not indicate an error and you can ignore this message): INVALID_ARGUMENT: You must feed a value for placeholder tensor 'Placeholder/_0' with dtype variant
	 [[{{node Placeholder/_0}}]]
2026-05-17 23:14:00.892535: I tensorflow/core/common_runtime/executor.cc:1197] [/device:CPU:0] (DEBUG INFO) Executor start aborting (this does not indicate an error and you can ignore this message): INVALID_ARGUMENT: You must feed a value for placeholder tensor 'Placeholder/_0' with dtype variant
	 [[{{node Placeholder/_0}}]]
2026-05-17 23:14:00.894178: I tensorflow/core/common_runtime/executor.cc:1197] [/device:CPU:0] (DEBUG INFO) Executor start aborting (this does not indicate an error and you can ignore this message): INVALID_ARGUMENT: You must feed a value for placeholder tensor 'Placeholder/_0' with dtype variant
	 [[{{node Placeholder/_0}}]]
2026-05-17 23:14:00.914400: I tensorflow/core/common_runtime/executor.cc:1197] [/device:CPU:0] (DEBUG INFO) Executor start aborting (this does not indicate an error and you can ignore this message): INVALID_ARGUMENT: You must feed a value for placeholder tensor 'Placeholder/_0' with dtype variant
	 [[{{node Placeholder/_0}}]]
2026-05-17 23:14:00.916247: I tensorflow/core/common_runtime/executor.cc:1197] [/device:CPU:0] (DEBUG INFO) Executor start aborting (this does not indicate an error and you can ignore this message): INVALID_ARGUMENT: You must feed a value for placeholder tensor 'Placeholder/_0' with dtype variant
	 [[{{node Placeholder/_0}}]]
2026-05-17 23:14:00.929990: I tensorflow/core/common_runtime/executor.cc:1197] [/device:CPU:0] (DEBUG INFO) Executor start aborting (this does not indicate an error and you can ignore this message): INVALID_ARGUMENT: You must feed a value for placeholder tensor 'Placeholder/_0' with dtype variant
	 [[{{node Placeholder/_0}}]]
2026-05-17 23:16:13.687184: I tensorflow/core/common_runtime/executor.cc:1197] [/device:CPU:0] (DEBUG INFO) Executor start aborting (this does not indicate an error and you can ignore this message): INVALID_ARGUMENT: You must feed a value for placeholder tensor 'Placeholder/_1' with dtype int32 and shape [2320148]
	 [[{{node Placeholder/_1}}]]
2026-05-17 23:16:13.688030: I tensorflow/core/common_runtime/executor.cc:1197] [/device:CPU:0] (DEBUG INFO) Executor start aborting (this does not indicate an error and you can ignore this message): INVALID_ARGUMENT: You must feed a value for placeholder tensor 'Placeholder/_12' with dtype resource
	 [[{{node Placeholder/_12}}]]
2026-05-17 23:16:13.691313: I tensorflow/core/common_runtime/executor.cc:1197] [/device:CPU:0] (DEBUG INFO) Executor start aborting (this does not indicate an error and you can ignore this message): INVALID_ARGUMENT: You must feed a value for placeholder tensor 'Placeholder/_0' with dtype string and shape [2320148]
	 [[{{node Placeholder/_0}}]]
2026-05-17 23:16:13.692252: I tensorflow/core/common_runtime/executor.cc:1197] [/device:CPU:0] (DEBUG INFO) Executor start aborting (this does not indicate an error and you can ignore this message): INVALID_ARGUMENT: You must feed a value for placeholder tensor 'Placeholder/_13' with dtype int64
	 [[{{node Placeholder/_13}}]]
2026-05-17 23:16:13.692168: I tensorflow/core/common_runtime/executor.cc:1197] [/device:CPU:0] (DEBUG INFO) Executor start aborting (this does not indicate an error and you can ignore this message): INVALID_ARGUMENT: You must feed a value for placeholder tensor 'Placeholder/_15' with dtype int64
	 [[{{node Placeholder/_15}}]]
2026-05-17 23:16:13.692993: I tensorflow/core/common_runtime/executor.cc:1197] [/device:CPU:0] (DEBUG INFO) Executor start aborting (this does not indicate an error and you can ignore this message): INVALID_ARGUMENT: You must feed a value for placeholder tensor 'Placeholder/_0' with dtype string and shape [2320148]
	 [[{{node Placeholder/_0}}]]
2026-05-17 23:16:13.694403: I tensorflow/core/common_runtime/executor.cc:1197] [/device:CPU:0] (DEBUG INFO) Executor start aborting (this does not indicate an error and you can ignore this message): INVALID_ARGUMENT: You must feed a value for placeholder tensor 'Placeholder/_12' with dtype resource
	 [[{{node Placeholder/_12}}]]
2026-05-17 23:16:13.695368: I tensorflow/core/common_runtime/executor.cc:1197] [/device:CPU:0] (DEBUG INFO) Executor start aborting (this does not indicate an error and you can ignore this message): INVALID_ARGUMENT: You must feed a value for placeholder tensor 'Placeholder/_0' with dtype string and shape [2320148]
	 [[{{node Placeholder/_0}}]]
2026-05-17 23:16:13.697811: I tensorflow/core/common_runtime/executor.cc:1197] [/device:CPU:0] (DEBUG INFO) Executor start aborting (this does not indicate an error and you can ignore this message): INVALID_ARGUMENT: You must feed a value for placeholder tensor 'Placeholder/_14' with dtype string
	 [[{{node Placeholder/_14}}]]
2026-05-17 23:16:13.697876: I tensorflow/core/common_runtime/executor.cc:1197] [/device:CPU:0] (DEBUG INFO) Executor start aborting (this does not indicate an error and you can ignore this message): INVALID_ARGUMENT: You must feed a value for placeholder tensor 'Placeholder/_14' with dtype string
	 [[{{node Placeholder/_14}}]]
2026-05-17 23:16:13.698367: I tensorflow/core/common_runtime/executor.cc:1197] [/device:CPU:0] (DEBUG INFO) Executor start aborting (this does not indicate an error and you can ignore this message): INVALID_ARGUMENT: You must feed a value for placeholder tensor 'Placeholder/_0' with dtype string and shape [2320148]
	 [[{{node Placeholder/_0}}]]
2026-05-17 23:16:13.698783: I tensorflow/core/common_runtime/executor.cc:1197] [/device:CPU:0] (DEBUG INFO) Executor start aborting (this does not indicate an error and you can ignore this message): INVALID_ARGUMENT: You must feed a value for placeholder tensor 'Placeholder/_15' with dtype int64
	 [[{{node Placeholder/_15}}]]
2026-05-17 23:16:13.698733: I tensorflow/core/common_runtime/executor.cc:1197] [/device:CPU:0] (DEBUG INFO) Executor start aborting (this does not indicate an error and you can ignore this message): INVALID_ARGUMENT: You must feed a value for placeholder tensor 'Placeholder/_12' with dtype resource
	 [[{{node Placeholder/_12}}]]
2026-05-17 23:16:13.699334: I tensorflow/core/common_runtime/executor.cc:1197] [/device:CPU:0] (DEBUG INFO) Executor start aborting (this does not indicate an error and you can ignore this message): INVALID_ARGUMENT: You must feed a value for placeholder tensor 'Placeholder/_13' with dtype int64
	 [[{{node Placeholder/_13}}]]
2026-05-17 23:16:13.700478: I tensorflow/core/common_runtime/executor.cc:1197] [/device:CPU:0] (DEBUG INFO) Executor start aborting (this does not indicate an error and you can ignore this message): INVALID_ARGUMENT: You must feed a value for placeholder tensor 'Placeholder/_14' with dtype string
	 [[{{node Placeholder/_14}}]]
2026-05-17 23:16:13.702218: I tensorflow/core/common_runtime/executor.cc:1197] [/device:CPU:0] (DEBUG INFO) Executor start aborting (this does not indicate an error and you can ignore this message): INVALID_ARGUMENT: You must feed a value for placeholder tensor 'Placeholder/_1' with dtype int32 and shape [2320148]
	 [[{{node Placeholder/_1}}]]
2026-05-17 23:16:13.799004: W tensorflow/core/framework/dataset.cc:807] Input of GeneratorDatasetOp::Dataset will not be optimized because the dataset does not implement the AsGraphDefInternal() method needed to apply optimizations.
2026-05-17 23:16:13.799710: W tensorflow/core/framework/dataset.cc:807] Input of GeneratorDatasetOp::Dataset will not be optimized because the dataset does not implement the AsGraphDefInternal() method needed to apply optimizations.
2026-05-17 23:16:13.799783: I tensorflow/core/common_runtime/executor.cc:1197] [/device:CPU:0] (DEBUG INFO) Executor start aborting (this does not indicate an error and you can ignore this message): INVALID_ARGUMENT: You must feed a value for placeholder tensor 'Placeholder/_0' with dtype variant
	 [[{{node Placeholder/_0}}]]
2026-05-17 23:16:13.800543: I tensorflow/core/common_runtime/executor.cc:1197] [/device:CPU:0] (DEBUG INFO) Executor start aborting (this does not indicate an error and you can ignore this message): INVALID_ARGUMENT: You must feed a value for placeholder tensor 'Placeholder/_0' with dtype variant
	 [[{{node Placeholder/_0}}]]
2026-05-17 23:16:13.802896: W tensorflow/core/framework/dataset.cc:807] Input of GeneratorDatasetOp::Dataset will not be optimized because the dataset does not implement the AsGraphDefInternal() method needed to apply optimizations.
2026-05-17 23:16:13.803525: I tensorflow/core/common_runtime/executor.cc:1197] [/device:CPU:0] (DEBUG INFO) Executor start aborting (this does not indicate an error and you can ignore this message): INVALID_ARGUMENT: You must feed a value for placeholder tensor 'Placeholder/_0' with dtype variant
	 [[{{node Placeholder/_0}}]]
2026-05-17 23:16:13.807012: W tensorflow/core/framework/dataset.cc:807] Input of GeneratorDatasetOp::Dataset will not be optimized because the dataset does not implement the AsGraphDefInternal() method needed to apply optimizations.
2026-05-17 23:16:13.807489: I tensorflow/core/common_runtime/executor.cc:1197] [/device:CPU:0] (DEBUG INFO) Executor start aborting (this does not indicate an error and you can ignore this message): INVALID_ARGUMENT: You must feed a value for placeholder tensor 'Placeholder/_0' with dtype variant
	 [[{{node Placeholder/_0}}]]
2026-05-17 23:16:13.809534: W tensorflow/core/framework/dataset.cc:807] Input of GeneratorDatasetOp::Dataset will not be optimized because the dataset does not implement the AsGraphDefInternal() method needed to apply optimizations.
2026-05-17 23:16:13.809523: W tensorflow/core/framework/dataset.cc:807] Input of GeneratorDatasetOp::Dataset will not be optimized because the dataset does not implement the AsGraphDefInternal() method needed to apply optimizations.
2026-05-17 23:16:13.810017: I tensorflow/core/common_runtime/executor.cc:1197] [/device:CPU:0] (DEBUG INFO) Executor start aborting (this does not indicate an error and you can ignore this message): INVALID_ARGUMENT: You must feed a value for placeholder tensor 'Placeholder/_0' with dtype variant
	 [[{{node Placeholder/_0}}]]
2026-05-17 23:16:13.810317: I tensorflow/core/common_runtime/executor.cc:1197] [/device:CPU:0] (DEBUG INFO) Executor start aborting (this does not indicate an error and you can ignore this message): INVALID_ARGUMENT: You must feed a value for placeholder tensor 'Placeholder/_0' with dtype variant
	 [[{{node Placeholder/_0}}]]
2026-05-17 23:16:13.811499: W tensorflow/core/framework/dataset.cc:807] Input of GeneratorDatasetOp::Dataset will not be optimized because the dataset does not implement the AsGraphDefInternal() method needed to apply optimizations.
2026-05-17 23:16:13.812086: I tensorflow/core/common_runtime/executor.cc:1197] [/device:CPU:0] (DEBUG INFO) Executor start aborting (this does not indicate an error and you can ignore this message): INVALID_ARGUMENT: You must feed a value for placeholder tensor 'Placeholder/_0' with dtype variant
	 [[{{node Placeholder/_0}}]]
2026-05-17 23:16:13.812209: W tensorflow/core/framework/dataset.cc:807] Input of GeneratorDatasetOp::Dataset will not be optimized because the dataset does not implement the AsGraphDefInternal() method needed to apply optimizations.
2026-05-17 23:16:13.812757: I tensorflow/core/common_runtime/executor.cc:1197] [/device:CPU:0] (DEBUG INFO) Executor start aborting (this does not indicate an error and you can ignore this message): INVALID_ARGUMENT: You must feed a value for placeholder tensor 'Placeholder/_0' with dtype variant
	 [[{{node Placeholder/_0}}]]
2026-05-18 01:05:03.025509: I tensorflow/core/common_runtime/executor.cc:1197] [/device:CPU:0] (DEBUG INFO) Executor start aborting (this does not indicate an error and you can ignore this message): INVALID_ARGUMENT: You must feed a value for placeholder tensor 'Placeholder/_9' with dtype string
	 [[{{node Placeholder/_9}}]]
2026-05-18 01:05:03.026472: I tensorflow/core/common_runtime/executor.cc:1197] [/device:CPU:0] (DEBUG INFO) Executor start aborting (this does not indicate an error and you can ignore this message): INVALID_ARGUMENT: You must feed a value for placeholder tensor 'Placeholder/_0' with dtype string and shape [497457]
	 [[{{node Placeholder/_0}}]]
2026-05-18 01:05:03.029385: I tensorflow/core/common_runtime/executor.cc:1197] [/device:CPU:0] (DEBUG INFO) Executor start aborting (this does not indicate an error and you can ignore this message): INVALID_ARGUMENT: You must feed a value for placeholder tensor 'Placeholder/_8' with dtype int64
	 [[{{node Placeholder/_8}}]]
2026-05-18 01:05:03.030359: I tensorflow/core/common_runtime/executor.cc:1197] [/device:CPU:0] (DEBUG INFO) Executor start aborting (this does not indicate an error and you can ignore this message): INVALID_ARGUMENT: You must feed a value for placeholder tensor 'Placeholder/_7' with dtype resource
	 [[{{node Placeholder/_7}}]]
2026-05-18 01:05:03.031001: I tensorflow/core/common_runtime/executor.cc:1197] [/device:CPU:0] (DEBUG INFO) Executor start aborting (this does not indicate an error and you can ignore this message): INVALID_ARGUMENT: You must feed a value for placeholder tensor 'Placeholder/_1' with dtype int32 and shape [497457]
	 [[{{node Placeholder/_1}}]]
2026-05-18 01:05:03.031494: I tensorflow/core/common_runtime/executor.cc:1197] [/device:CPU:0] (DEBUG INFO) Executor start aborting (this does not indicate an error and you can ignore this message): INVALID_ARGUMENT: You must feed a value for placeholder tensor 'Placeholder/_7' with dtype resource
	 [[{{node Placeholder/_7}}]]
2026-05-18 01:05:03.032260: I tensorflow/core/common_runtime/executor.cc:1197] [/device:CPU:0] (DEBUG INFO) Executor start aborting (this does not indicate an error and you can ignore this message): INVALID_ARGUMENT: You must feed a value for placeholder tensor 'Placeholder/_1' with dtype int32 and shape [497457]
	 [[{{node Placeholder/_1}}]]
2026-05-18 01:05:03.032770: I tensorflow/core/common_runtime/executor.cc:1197] [/device:CPU:0] (DEBUG INFO) Executor start aborting (this does not indicate an error and you can ignore this message): INVALID_ARGUMENT: You must feed a value for placeholder tensor 'Placeholder/_8' with dtype int64
	 [[{{node Placeholder/_8}}]]
2026-05-18 01:05:03.032821: I tensorflow/core/common_runtime/executor.cc:1197] [/device:CPU:0] (DEBUG INFO) Executor start aborting (this does not indicate an error and you can ignore this message): INVALID_ARGUMENT: You must feed a value for placeholder tensor 'Placeholder/_1' with dtype int32 and shape [497457]
	 [[{{node Placeholder/_1}}]]
2026-05-18 01:05:03.033199: I tensorflow/core/common_runtime/executor.cc:1197] [/device:CPU:0] (DEBUG INFO) Executor start aborting (this does not indicate an error and you can ignore this message): INVALID_ARGUMENT: You must feed a value for placeholder tensor 'Placeholder/_7' with dtype resource
	 [[{{node Placeholder/_7}}]]
2026-05-18 01:05:03.033252: I tensorflow/core/common_runtime/executor.cc:1197] [/device:CPU:0] (DEBUG INFO) Executor start aborting (this does not indicate an error and you can ignore this message): INVALID_ARGUMENT: You must feed a value for placeholder tensor 'Placeholder/_7' with dtype resource
	 [[{{node Placeholder/_7}}]]
2026-05-18 01:05:03.033963: I tensorflow/core/common_runtime/executor.cc:1197] [/device:CPU:0] (DEBUG INFO) Executor start aborting (this does not indicate an error and you can ignore this message): INVALID_ARGUMENT: You must feed a value for placeholder tensor 'Placeholder/_9' with dtype string
	 [[{{node Placeholder/_9}}]]
2026-05-18 01:05:03.034138: I tensorflow/core/common_runtime/executor.cc:1197] [/device:CPU:0] (DEBUG INFO) Executor start aborting (this does not indicate an error and you can ignore this message): INVALID_ARGUMENT: You must feed a value for placeholder tensor 'Placeholder/_9' with dtype string
	 [[{{node Placeholder/_9}}]]
2026-05-18 01:05:03.034501: I tensorflow/core/common_runtime/executor.cc:1197] [/device:CPU:0] (DEBUG INFO) Executor start aborting (this does not indicate an error and you can ignore this message): INVALID_ARGUMENT: You must feed a value for placeholder tensor 'Placeholder/_7' with dtype resource
	 [[{{node Placeholder/_7}}]]
2026-05-18 01:05:03.035360: I tensorflow/core/common_runtime/executor.cc:1197] [/device:CPU:0] (DEBUG INFO) Executor start aborting (this does not indicate an error and you can ignore this message): INVALID_ARGUMENT: You must feed a value for placeholder tensor 'Placeholder/_10' with dtype int64
	 [[{{node Placeholder/_10}}]]
2026-05-18 01:05:03.036661: I tensorflow/core/common_runtime/executor.cc:1197] [/device:CPU:0] (DEBUG INFO) Executor start aborting (this does not indicate an error and you can ignore this message): INVALID_ARGUMENT: You must feed a value for placeholder tensor 'Placeholder/_0' with dtype string and shape [497457]
	 [[{{node Placeholder/_0}}]]
2026-05-18 01:05:03.138191: W tensorflow/core/framework/dataset.cc:807] Input of GeneratorDatasetOp::Dataset will not be optimized because the dataset does not implement the AsGraphDefInternal() method needed to apply optimizations.
2026-05-18 01:05:03.139154: I tensorflow/core/common_runtime/executor.cc:1197] [/device:CPU:0] (DEBUG INFO) Executor start aborting (this does not indicate an error and you can ignore this message): INVALID_ARGUMENT: You must feed a value for placeholder tensor 'Placeholder/_0' with dtype variant
	 [[{{node Placeholder/_0}}]]
2026-05-18 01:05:03.146490: W tensorflow/core/framework/dataset.cc:807] Input of GeneratorDatasetOp::Dataset will not be optimized because the dataset does not implement the AsGraphDefInternal() method needed to apply optimizations.
2026-05-18 01:05:03.147027: W tensorflow/core/framework/dataset.cc:807] Input of GeneratorDatasetOp::Dataset will not be optimized because the dataset does not implement the AsGraphDefInternal() method needed to apply optimizations.
2026-05-18 01:05:03.147130: I tensorflow/core/common_runtime/executor.cc:1197] [/device:CPU:0] (DEBUG INFO) Executor start aborting (this does not indicate an error and you can ignore this message): INVALID_ARGUMENT: You must feed a value for placeholder tensor 'Placeholder/_0' with dtype variant
	 [[{{node Placeholder/_0}}]]
2026-05-18 01:05:03.147564: W tensorflow/core/framework/dataset.cc:807] Input of GeneratorDatasetOp::Dataset will not be optimized because the dataset does not implement the AsGraphDefInternal() method needed to apply optimizations.
2026-05-18 01:05:03.147714: I tensorflow/core/common_runtime/executor.cc:1197] [/device:CPU:0] (DEBUG INFO) Executor start aborting (this does not indicate an error and you can ignore this message): INVALID_ARGUMENT: You must feed a value for placeholder tensor 'Placeholder/_0' with dtype variant
	 [[{{node Placeholder/_0}}]]
2026-05-18 01:05:03.148236: I tensorflow/core/common_runtime/executor.cc:1197] [/device:CPU:0] (DEBUG INFO) Executor start aborting (this does not indicate an error and you can ignore this message): INVALID_ARGUMENT: You must feed a value for placeholder tensor 'Placeholder/_0' with dtype variant
	 [[{{node Placeholder/_0}}]]
2026-05-18 01:05:03.150045: W tensorflow/core/framework/dataset.cc:807] Input of GeneratorDatasetOp::Dataset will not be optimized because the dataset does not implement the AsGraphDefInternal() method needed to apply optimizations.
2026-05-18 01:05:03.150782: I tensorflow/core/common_runtime/executor.cc:1197] [/device:CPU:0] (DEBUG INFO) Executor start aborting (this does not indicate an error and you can ignore this message): INVALID_ARGUMENT: You must feed a value for placeholder tensor 'Placeholder/_0' with dtype variant
	 [[{{node Placeholder/_0}}]]
2026-05-18 01:05:03.154454: W tensorflow/core/framework/dataset.cc:807] Input of GeneratorDatasetOp::Dataset will not be optimized because the dataset does not implement the AsGraphDefInternal() method needed to apply optimizations.
2026-05-18 01:05:03.155049: I tensorflow/core/common_runtime/executor.cc:1197] [/device:CPU:0] (DEBUG INFO) Executor start aborting (this does not indicate an error and you can ignore this message): INVALID_ARGUMENT: You must feed a value for placeholder tensor 'Placeholder/_0' with dtype variant
	 [[{{node Placeholder/_0}}]]
2026-05-18 01:05:03.163459: W tensorflow/core/framework/dataset.cc:807] Input of GeneratorDatasetOp::Dataset will not be optimized because the dataset does not implement the AsGraphDefInternal() method needed to apply optimizations.
2026-05-18 01:05:03.164063: I tensorflow/core/common_runtime/executor.cc:1197] [/device:CPU:0] (DEBUG INFO) Executor start aborting (this does not indicate an error and you can ignore this message): INVALID_ARGUMENT: You must feed a value for placeholder tensor 'Placeholder/_0' with dtype variant
	 [[{{node Placeholder/_0}}]]
2026-05-18 01:05:03.164712: W tensorflow/core/framework/dataset.cc:807] Input of GeneratorDatasetOp::Dataset will not be optimized because the dataset does not implement the AsGraphDefInternal() method needed to apply optimizations.
2026-05-18 01:05:03.165663: I tensorflow/core/common_runtime/executor.cc:1197] [/device:CPU:0] (DEBUG INFO) Executor start aborting (this does not indicate an error and you can ignore this message): INVALID_ARGUMENT: You must feed a value for placeholder tensor 'Placeholder/_0' with dtype variant
	 [[{{node Placeholder/_0}}]]
2026-05-18 01:05:03.184623: I tensorflow/core/common_runtime/executor.cc:1197] [/device:CPU:0] (DEBUG INFO) Executor start aborting (this does not indicate an error and you can ignore this message): INVALID_ARGUMENT: You must feed a value for placeholder tensor 'Placeholder/_10' with dtype int64
	 [[{{node Placeholder/_10}}]]
2026-05-18 01:05:03.185464: I tensorflow/core/common_runtime/executor.cc:1197] [/device:CPU:0] (DEBUG INFO) Executor start aborting (this does not indicate an error and you can ignore this message): INVALID_ARGUMENT: You must feed a value for placeholder tensor 'Placeholder/_10' with dtype int64
	 [[{{node Placeholder/_10}}]]
2026-05-18 01:05:03.187727: I tensorflow/core/common_runtime/executor.cc:1197] [/device:CPU:0] (DEBUG INFO) Executor start aborting (this does not indicate an error and you can ignore this message): INVALID_ARGUMENT: You must feed a value for placeholder tensor 'Placeholder/_7' with dtype resource
	 [[{{node Placeholder/_7}}]]
2026-05-18 01:05:03.188556: I tensorflow/core/common_runtime/executor.cc:1197] [/device:CPU:0] (DEBUG INFO) Executor start aborting (this does not indicate an error and you can ignore this message): INVALID_ARGUMENT: You must feed a value for placeholder tensor 'Placeholder/_8' with dtype int64
	 [[{{node Placeholder/_8}}]]
2026-05-18 01:05:03.188665: I tensorflow/core/common_runtime/executor.cc:1197] [/device:CPU:0] (DEBUG INFO) Executor start aborting (this does not indicate an error and you can ignore this message): INVALID_ARGUMENT: You must feed a value for placeholder tensor 'Placeholder/_10' with dtype int64
	 [[{{node Placeholder/_10}}]]
2026-05-18 01:05:03.189517: I tensorflow/core/common_runtime/executor.cc:1197] [/device:CPU:0] (DEBUG INFO) Executor start aborting (this does not indicate an error and you can ignore this message): INVALID_ARGUMENT: You must feed a value for placeholder tensor 'Placeholder/_1' with dtype int32 and shape [497457]
	 [[{{node Placeholder/_1}}]]
2026-05-18 01:05:03.192575: I tensorflow/core/common_runtime/executor.cc:1197] [/device:CPU:0] (DEBUG INFO) Executor start aborting (this does not indicate an error and you can ignore this message): INVALID_ARGUMENT: You must feed a value for placeholder tensor 'Placeholder/_0' with dtype string and shape [497457]
	 [[{{node Placeholder/_0}}]]
2026-05-18 01:05:03.193460: I tensorflow/core/common_runtime/executor.cc:1197] [/device:CPU:0] (DEBUG INFO) Executor start aborting (this does not indicate an error and you can ignore this message): INVALID_ARGUMENT: You must feed a value for placeholder tensor 'Placeholder/_8' with dtype int64
	 [[{{node Placeholder/_8}}]]
2026-05-18 01:05:03.195233: I tensorflow/core/common_runtime/executor.cc:1197] [/device:CPU:0] (DEBUG INFO) Executor start aborting (this does not indicate an error and you can ignore this message): INVALID_ARGUMENT: You must feed a value for placeholder tensor 'Placeholder/_8' with dtype int64
	 [[{{node Placeholder/_8}}]]
2026-05-18 01:05:03.196097: I tensorflow/core/common_runtime/executor.cc:1197] [/device:CPU:0] (DEBUG INFO) Executor start aborting (this does not indicate an error and you can ignore this message): INVALID_ARGUMENT: You must feed a value for placeholder tensor 'Placeholder/_1' with dtype int32 and shape [497457]
	 [[{{node Placeholder/_1}}]]
2026-05-18 01:05:03.197659: I tensorflow/core/common_runtime/executor.cc:1197] [/device:CPU:0] (DEBUG INFO) Executor start aborting (this does not indicate an error and you can ignore this message): INVALID_ARGUMENT: You must feed a value for placeholder tensor 'Placeholder/_8' with dtype int64
	 [[{{node Placeholder/_8}}]]
2026-05-18 01:05:03.198531: I tensorflow/core/common_runtime/executor.cc:1197] [/device:CPU:0] (DEBUG INFO) Executor start aborting (this does not indicate an error and you can ignore this message): INVALID_ARGUMENT: You must feed a value for placeholder tensor 'Placeholder/_0' with dtype string and shape [497457]
	 [[{{node Placeholder/_0}}]]
2026-05-18 01:05:03.205505: I tensorflow/core/common_runtime/executor.cc:1197] [/device:CPU:0] (DEBUG INFO) Executor start aborting (this does not indicate an error and you can ignore this message): INVALID_ARGUMENT: You must feed a value for placeholder tensor 'Placeholder/_7' with dtype resource
	 [[{{node Placeholder/_7}}]]
2026-05-18 01:05:03.206347: I tensorflow/core/common_runtime/executor.cc:1197] [/device:CPU:0] (DEBUG INFO) Executor start aborting (this does not indicate an error and you can ignore this message): INVALID_ARGUMENT: You must feed a value for placeholder tensor 'Placeholder/_9' with dtype string
	 [[{{node Placeholder/_9}}]]
2026-05-18 01:05:03.211932: I tensorflow/core/common_runtime/executor.cc:1197] [/device:CPU:0] (DEBUG INFO) Executor start aborting (this does not indicate an error and you can ignore this message): INVALID_ARGUMENT: You must feed a value for placeholder tensor 'Placeholder/_8' with dtype int64
	 [[{{node Placeholder/_8}}]]
2026-05-18 01:05:03.212784: I tensorflow/core/common_runtime/executor.cc:1197] [/device:CPU:0] (DEBUG INFO) Executor start aborting (this does not indicate an error and you can ignore this message): INVALID_ARGUMENT: You must feed a value for placeholder tensor 'Placeholder/_1' with dtype int32 and shape [497457]
	 [[{{node Placeholder/_1}}]]
2026-05-18 01:05:03.281292: I tensorflow/core/common_runtime/executor.cc:1197] [/device:CPU:0] (DEBUG INFO) Executor start aborting (this does not indicate an error and you can ignore this message): INVALID_ARGUMENT: You must feed a value for placeholder tensor 'Placeholder/_0' with dtype variant
	 [[{{node Placeholder/_0}}]]
2026-05-18 01:05:03.282338: I tensorflow/core/common_runtime/executor.cc:1197] [/device:CPU:0] (DEBUG INFO) Executor start aborting (this does not indicate an error and you can ignore this message): INVALID_ARGUMENT: You must feed a value for placeholder tensor 'Placeholder/_0' with dtype variant
	 [[{{node Placeholder/_0}}]]
2026-05-18 01:05:03.290289: I tensorflow/core/common_runtime/executor.cc:1197] [/device:CPU:0] (DEBUG INFO) Executor start aborting (this does not indicate an error and you can ignore this message): INVALID_ARGUMENT: You must feed a value for placeholder tensor 'Placeholder/_0' with dtype variant
	 [[{{node Placeholder/_0}}]]
2026-05-18 01:05:03.291640: I tensorflow/core/common_runtime/executor.cc:1197] [/device:CPU:0] (DEBUG INFO) Executor start aborting (this does not indicate an error and you can ignore this message): INVALID_ARGUMENT: You must feed a value for placeholder tensor 'Placeholder/_0' with dtype variant
	 [[{{node Placeholder/_0}}]]
2026-05-18 01:05:03.292493: I tensorflow/core/common_runtime/executor.cc:1197] [/device:CPU:0] (DEBUG INFO) Executor start aborting (this does not indicate an error and you can ignore this message): INVALID_ARGUMENT: You must feed a value for placeholder tensor 'Placeholder/_0' with dtype variant
	 [[{{node Placeholder/_0}}]]
2026-05-18 01:05:03.300475: I tensorflow/core/common_runtime/executor.cc:1197] [/device:CPU:0] (DEBUG INFO) Executor start aborting (this does not indicate an error and you can ignore this message): INVALID_ARGUMENT: You must feed a value for placeholder tensor 'Placeholder/_0' with dtype variant
	 [[{{node Placeholder/_0}}]]
2026-05-18 01:05:03.302189: I tensorflow/core/common_runtime/executor.cc:1197] [/device:CPU:0] (DEBUG INFO) Executor start aborting (this does not indicate an error and you can ignore this message): INVALID_ARGUMENT: You must feed a value for placeholder tensor 'Placeholder/_0' with dtype variant
	 [[{{node Placeholder/_0}}]]
2026-05-18 01:05:03.312637: I tensorflow/core/common_runtime/executor.cc:1197] [/device:CPU:0] (DEBUG INFO) Executor start aborting (this does not indicate an error and you can ignore this message): INVALID_ARGUMENT: You must feed a value for placeholder tensor 'Placeholder/_0' with dtype variant
	 [[{{node Placeholder/_0}}]]
2026-05-18 01:07:11.710597: I tensorflow/core/common_runtime/executor.cc:1197] [/device:CPU:0] (DEBUG INFO) Executor start aborting (this does not indicate an error and you can ignore this message): INVALID_ARGUMENT: You must feed a value for placeholder tensor 'Placeholder/_15' with dtype int64
	 [[{{node Placeholder/_15}}]]
2026-05-18 01:07:11.711396: I tensorflow/core/common_runtime/executor.cc:1197] [/device:CPU:0] (DEBUG INFO) Executor start aborting (this does not indicate an error and you can ignore this message): INVALID_ARGUMENT: You must feed a value for placeholder tensor 'Placeholder/_1' with dtype int32 and shape [2320148]
	 [[{{node Placeholder/_1}}]]
2026-05-18 01:07:11.713821: I tensorflow/core/common_runtime/executor.cc:1197] [/device:CPU:0] (DEBUG INFO) Executor start aborting (this does not indicate an error and you can ignore this message): INVALID_ARGUMENT: You must feed a value for placeholder tensor 'Placeholder/_1' with dtype int32 and shape [2320148]
	 [[{{node Placeholder/_1}}]]
2026-05-18 01:07:11.714694: I tensorflow/core/common_runtime/executor.cc:1197] [/device:CPU:0] (DEBUG INFO) Executor start aborting (this does not indicate an error and you can ignore this message): INVALID_ARGUMENT: You must feed a value for placeholder tensor 'Placeholder/_1' with dtype int32 and shape [2320148]
	 [[{{node Placeholder/_1}}]]
2026-05-18 01:07:11.721324: I tensorflow/core/common_runtime/executor.cc:1197] [/device:CPU:0] (DEBUG INFO) Executor start aborting (this does not indicate an error and you can ignore this message): INVALID_ARGUMENT: You must feed a value for placeholder tensor 'Placeholder/_15' with dtype int64
	 [[{{node Placeholder/_15}}]]
2026-05-18 01:07:11.722210: I tensorflow/core/common_runtime/executor.cc:1197] [/device:CPU:0] (DEBUG INFO) Executor start aborting (this does not indicate an error and you can ignore this message): INVALID_ARGUMENT: You must feed a value for placeholder tensor 'Placeholder/_1' with dtype int32 and shape [2320148]
	 [[{{node Placeholder/_1}}]]
2026-05-18 01:07:11.726790: I tensorflow/core/common_runtime/executor.cc:1197] [/device:CPU:0] (DEBUG INFO) Executor start aborting (this does not indicate an error and you can ignore this message): INVALID_ARGUMENT: You must feed a value for placeholder tensor 'Placeholder/_0' with dtype string and shape [2320148]
	 [[{{node Placeholder/_0}}]]
2026-05-18 01:07:11.727824: I tensorflow/core/common_runtime/executor.cc:1197] [/device:CPU:0] (DEBUG INFO) Executor start aborting (this does not indicate an error and you can ignore this message): INVALID_ARGUMENT: You must feed a value for placeholder tensor 'Placeholder/_0' with dtype string and shape [2320148]
	 [[{{node Placeholder/_0}}]]
2026-05-18 01:07:11.727910: I tensorflow/core/common_runtime/executor.cc:1197] [/device:CPU:0] (DEBUG INFO) Executor start aborting (this does not indicate an error and you can ignore this message): INVALID_ARGUMENT: You must feed a value for placeholder tensor 'Placeholder/_14' with dtype string
	 [[{{node Placeholder/_14}}]]
2026-05-18 01:07:11.728832: I tensorflow/core/common_runtime/executor.cc:1197] [/device:CPU:0] (DEBUG INFO) Executor start aborting (this does not indicate an error and you can ignore this message): INVALID_ARGUMENT: You must feed a value for placeholder tensor 'Placeholder/_15' with dtype int64
	 [[{{node Placeholder/_15}}]]
2026-05-18 01:07:11.729088: I tensorflow/core/common_runtime/executor.cc:1197] [/device:CPU:0] (DEBUG INFO) Executor start aborting (this does not indicate an error and you can ignore this message): INVALID_ARGUMENT: You must feed a value for placeholder tensor 'Placeholder/_15' with dtype int64
	 [[{{node Placeholder/_15}}]]
2026-05-18 01:07:11.729885: I tensorflow/core/common_runtime/executor.cc:1197] [/device:CPU:0] (DEBUG INFO) Executor start aborting (this does not indicate an error and you can ignore this message): INVALID_ARGUMENT: You must feed a value for placeholder tensor 'Placeholder/_13' with dtype int64
	 [[{{node Placeholder/_13}}]]
2026-05-18 01:07:11.736476: I tensorflow/core/common_runtime/executor.cc:1197] [/device:CPU:0] (DEBUG INFO) Executor start aborting (this does not indicate an error and you can ignore this message): INVALID_ARGUMENT: You must feed a value for placeholder tensor 'Placeholder/_14' with dtype string
	 [[{{node Placeholder/_14}}]]
2026-05-18 01:07:11.736880: I tensorflow/core/common_runtime/executor.cc:1197] [/device:CPU:0] (DEBUG INFO) Executor start aborting (this does not indicate an error and you can ignore this message): INVALID_ARGUMENT: You must feed a value for placeholder tensor 'Placeholder/_14' with dtype string
	 [[{{node Placeholder/_14}}]]
2026-05-18 01:07:11.737318: I tensorflow/core/common_runtime/executor.cc:1197] [/device:CPU:0] (DEBUG INFO) Executor start aborting (this does not indicate an error and you can ignore this message): INVALID_ARGUMENT: You must feed a value for placeholder tensor 'Placeholder/_12' with dtype resource
	 [[{{node Placeholder/_12}}]]
2026-05-18 01:07:11.738528: I tensorflow/core/common_runtime/executor.cc:1197] [/device:CPU:0] (DEBUG INFO) Executor start aborting (this does not indicate an error and you can ignore this message): INVALID_ARGUMENT: You must feed a value for placeholder tensor 'Placeholder/_14' with dtype string
	 [[{{node Placeholder/_14}}]]
2026-05-18 01:07:11.820656: W tensorflow/core/framework/dataset.cc:807] Input of GeneratorDatasetOp::Dataset will not be optimized because the dataset does not implement the AsGraphDefInternal() method needed to apply optimizations.
2026-05-18 01:07:11.821543: I tensorflow/core/common_runtime/executor.cc:1197] [/device:CPU:0] (DEBUG INFO) Executor start aborting (this does not indicate an error and you can ignore this message): INVALID_ARGUMENT: You must feed a value for placeholder tensor 'Placeholder/_0' with dtype variant
	 [[{{node Placeholder/_0}}]]
2026-05-18 01:07:11.826537: W tensorflow/core/framework/dataset.cc:807] Input of GeneratorDatasetOp::Dataset will not be optimized because the dataset does not implement the AsGraphDefInternal() method needed to apply optimizations.
2026-05-18 01:07:11.827020: I tensorflow/core/common_runtime/executor.cc:1197] [/device:CPU:0] (DEBUG INFO) Executor start aborting (this does not indicate an error and you can ignore this message): INVALID_ARGUMENT: You must feed a value for placeholder tensor 'Placeholder/_0' with dtype variant
	 [[{{node Placeholder/_0}}]]
2026-05-18 01:07:11.834237: W tensorflow/core/framework/dataset.cc:807] Input of GeneratorDatasetOp::Dataset will not be optimized because the dataset does not implement the AsGraphDefInternal() method needed to apply optimizations.
2026-05-18 01:07:11.834751: I tensorflow/core/common_runtime/executor.cc:1197] [/device:CPU:0] (DEBUG INFO) Executor start aborting (this does not indicate an error and you can ignore this message): INVALID_ARGUMENT: You must feed a value for placeholder tensor 'Placeholder/_0' with dtype variant
	 [[{{node Placeholder/_0}}]]
2026-05-18 01:07:11.835680: W tensorflow/core/framework/dataset.cc:807] Input of GeneratorDatasetOp::Dataset will not be optimized because the dataset does not implement the AsGraphDefInternal() method needed to apply optimizations.
2026-05-18 01:07:11.836143: I tensorflow/core/common_runtime/executor.cc:1197] [/device:CPU:0] (DEBUG INFO) Executor start aborting (this does not indicate an error and you can ignore this message): INVALID_ARGUMENT: You must feed a value for placeholder tensor 'Placeholder/_0' with dtype variant
	 [[{{node Placeholder/_0}}]]
2026-05-18 01:07:11.836843: W tensorflow/core/framework/dataset.cc:807] Input of GeneratorDatasetOp::Dataset will not be optimized because the dataset does not implement the AsGraphDefInternal() method needed to apply optimizations.
2026-05-18 01:07:11.837377: I tensorflow/core/common_runtime/executor.cc:1197] [/device:CPU:0] (DEBUG INFO) Executor start aborting (this does not indicate an error and you can ignore this message): INVALID_ARGUMENT: You must feed a value for placeholder tensor 'Placeholder/_0' with dtype variant
	 [[{{node Placeholder/_0}}]]
2026-05-18 01:07:11.844902: W tensorflow/core/framework/dataset.cc:807] Input of GeneratorDatasetOp::Dataset will not be optimized because the dataset does not implement the AsGraphDefInternal() method needed to apply optimizations.
2026-05-18 01:07:11.845448: I tensorflow/core/common_runtime/executor.cc:1197] [/device:CPU:0] (DEBUG INFO) Executor start aborting (this does not indicate an error and you can ignore this message): INVALID_ARGUMENT: You must feed a value for placeholder tensor 'Placeholder/_0' with dtype variant
	 [[{{node Placeholder/_0}}]]
2026-05-18 01:07:11.845845: W tensorflow/core/framework/dataset.cc:807] Input of GeneratorDatasetOp::Dataset will not be optimized because the dataset does not implement the AsGraphDefInternal() method needed to apply optimizations.
2026-05-18 01:07:11.846310: I tensorflow/core/common_runtime/executor.cc:1197] [/device:CPU:0] (DEBUG INFO) Executor start aborting (this does not indicate an error and you can ignore this message): INVALID_ARGUMENT: You must feed a value for placeholder tensor 'Placeholder/_0' with dtype variant
	 [[{{node Placeholder/_0}}]]
2026-05-18 01:07:11.874118: W tensorflow/core/framework/dataset.cc:807] Input of GeneratorDatasetOp::Dataset will not be optimized because the dataset does not implement the AsGraphDefInternal() method needed to apply optimizations.
2026-05-18 01:07:11.874976: I tensorflow/core/common_runtime/executor.cc:1197] [/device:CPU:0] (DEBUG INFO) Executor start aborting (this does not indicate an error and you can ignore this message): INVALID_ARGUMENT: You must feed a value for placeholder tensor 'Placeholder/_0' with dtype variant
	 [[{{node Placeholder/_0}}]]
2026-05-18 02:56:57.595715: I tensorflow/core/common_runtime/executor.cc:1197] [/device:CPU:0] (DEBUG INFO) Executor start aborting (this does not indicate an error and you can ignore this message): INVALID_ARGUMENT: You must feed a value for placeholder tensor 'Placeholder/_9' with dtype string
	 [[{{node Placeholder/_9}}]]
2026-05-18 02:56:57.596124: I tensorflow/core/common_runtime/executor.cc:1197] [/device:CPU:0] (DEBUG INFO) Executor start aborting (this does not indicate an error and you can ignore this message): INVALID_ARGUMENT: You must feed a value for placeholder tensor 'Placeholder/_1' with dtype int32 and shape [497457]
	 [[{{node Placeholder/_1}}]]
2026-05-18 02:56:57.596672: I tensorflow/core/common_runtime/executor.cc:1197] [/device:CPU:0] (DEBUG INFO) Executor start aborting (this does not indicate an error and you can ignore this message): INVALID_ARGUMENT: You must feed a value for placeholder tensor 'Placeholder/_8' with dtype int64
	 [[{{node Placeholder/_8}}]]
2026-05-18 02:56:57.597298: I tensorflow/core/common_runtime/executor.cc:1197] [/device:CPU:0] (DEBUG INFO) Executor start aborting (this does not indicate an error and you can ignore this message): INVALID_ARGUMENT: You must feed a value for placeholder tensor 'Placeholder/_9' with dtype string
	 [[{{node Placeholder/_9}}]]
2026-05-18 02:56:57.597760: I tensorflow/core/common_runtime/executor.cc:1197] [/device:CPU:0] (DEBUG INFO) Executor start aborting (this does not indicate an error and you can ignore this message): INVALID_ARGUMENT: You must feed a value for placeholder tensor 'Placeholder/_8' with dtype int64
	 [[{{node Placeholder/_8}}]]
2026-05-18 02:56:57.598517: I tensorflow/core/common_runtime/executor.cc:1197] [/device:CPU:0] (DEBUG INFO) Executor start aborting (this does not indicate an error and you can ignore this message): INVALID_ARGUMENT: You must feed a value for placeholder tensor 'Placeholder/_1' with dtype int32 and shape [497457]
	 [[{{node Placeholder/_1}}]]
2026-05-18 02:56:57.598921: I tensorflow/core/common_runtime/executor.cc:1197] [/device:CPU:0] (DEBUG INFO) Executor start aborting (this does not indicate an error and you can ignore this message): INVALID_ARGUMENT: You must feed a value for placeholder tensor 'Placeholder/_9' with dtype string
	 [[{{node Placeholder/_9}}]]
2026-05-18 02:56:57.599717: I tensorflow/core/common_runtime/executor.cc:1197] [/device:CPU:0] (DEBUG INFO) Executor start aborting (this does not indicate an error and you can ignore this message): INVALID_ARGUMENT: You must feed a value for placeholder tensor 'Placeholder/_9' with dtype string
	 [[{{node Placeholder/_9}}]]
2026-05-18 02:56:57.599738: I tensorflow/core/common_runtime/executor.cc:1197] [/device:CPU:0] (DEBUG INFO) Executor start aborting (this does not indicate an error and you can ignore this message): INVALID_ARGUMENT: You must feed a value for placeholder tensor 'Placeholder/_7' with dtype resource
	 [[{{node Placeholder/_7}}]]
2026-05-18 02:56:57.601029: I tensorflow/core/common_runtime/executor.cc:1197] [/device:CPU:0] (DEBUG INFO) Executor start aborting (this does not indicate an error and you can ignore this message): INVALID_ARGUMENT: You must feed a value for placeholder tensor 'Placeholder/_1' with dtype int32 and shape [497457]
	 [[{{node Placeholder/_1}}]]
2026-05-18 02:56:57.601361: I tensorflow/core/common_runtime/executor.cc:1197] [/device:CPU:0] (DEBUG INFO) Executor start aborting (this does not indicate an error and you can ignore this message): INVALID_ARGUMENT: You must feed a value for placeholder tensor 'Placeholder/_0' with dtype string and shape [497457]
	 [[{{node Placeholder/_0}}]]
2026-05-18 02:56:57.602308: I tensorflow/core/common_runtime/executor.cc:1197] [/device:CPU:0] (DEBUG INFO) Executor start aborting (this does not indicate an error and you can ignore this message): INVALID_ARGUMENT: You must feed a value for placeholder tensor 'Placeholder/_1' with dtype int32 and shape [497457]
	 [[{{node Placeholder/_1}}]]
2026-05-18 02:56:57.602523: I tensorflow/core/common_runtime/executor.cc:1197] [/device:CPU:0] (DEBUG INFO) Executor start aborting (this does not indicate an error and you can ignore this message): INVALID_ARGUMENT: You must feed a value for placeholder tensor 'Placeholder/_1' with dtype int32 and shape [497457]
	 [[{{node Placeholder/_1}}]]
2026-05-18 02:56:57.603590: I tensorflow/core/common_runtime/executor.cc:1197] [/device:CPU:0] (DEBUG INFO) Executor start aborting (this does not indicate an error and you can ignore this message): INVALID_ARGUMENT: You must feed a value for placeholder tensor 'Placeholder/_1' with dtype int32 and shape [497457]
	 [[{{node Placeholder/_1}}]]
2026-05-18 02:56:57.608959: I tensorflow/core/common_runtime/executor.cc:1197] [/device:CPU:0] (DEBUG INFO) Executor start aborting (this does not indicate an error and you can ignore this message): INVALID_ARGUMENT: You must feed a value for placeholder tensor 'Placeholder/_1' with dtype int32 and shape [497457]
	 [[{{node Placeholder/_1}}]]
2026-05-18 02:56:57.610284: I tensorflow/core/common_runtime/executor.cc:1197] [/device:CPU:0] (DEBUG INFO) Executor start aborting (this does not indicate an error and you can ignore this message): INVALID_ARGUMENT: You must feed a value for placeholder tensor 'Placeholder/_7' with dtype resource
	 [[{{node Placeholder/_7}}]]
2026-05-18 02:56:57.709963: W tensorflow/core/framework/dataset.cc:807] Input of GeneratorDatasetOp::Dataset will not be optimized because the dataset does not implement the AsGraphDefInternal() method needed to apply optimizations.
2026-05-18 02:56:57.710536: W tensorflow/core/framework/dataset.cc:807] Input of GeneratorDatasetOp::Dataset will not be optimized because the dataset does not implement the AsGraphDefInternal() method needed to apply optimizations.
2026-05-18 02:56:57.710634: I tensorflow/core/common_runtime/executor.cc:1197] [/device:CPU:0] (DEBUG INFO) Executor start aborting (this does not indicate an error and you can ignore this message): INVALID_ARGUMENT: You must feed a value for placeholder tensor 'Placeholder/_0' with dtype variant
	 [[{{node Placeholder/_0}}]]
2026-05-18 02:56:57.711340: I tensorflow/core/common_runtime/executor.cc:1197] [/device:CPU:0] (DEBUG INFO) Executor start aborting (this does not indicate an error and you can ignore this message): INVALID_ARGUMENT: You must feed a value for placeholder tensor 'Placeholder/_0' with dtype variant
	 [[{{node Placeholder/_0}}]]
2026-05-18 02:56:57.712265: W tensorflow/core/framework/dataset.cc:807] Input of GeneratorDatasetOp::Dataset will not be optimized because the dataset does not implement the AsGraphDefInternal() method needed to apply optimizations.
2026-05-18 02:56:57.713076: I tensorflow/core/common_runtime/executor.cc:1197] [/device:CPU:0] (DEBUG INFO) Executor start aborting (this does not indicate an error and you can ignore this message): INVALID_ARGUMENT: You must feed a value for placeholder tensor 'Placeholder/_0' with dtype variant
	 [[{{node Placeholder/_0}}]]
2026-05-18 02:56:57.716504: W tensorflow/core/framework/dataset.cc:807] Input of GeneratorDatasetOp::Dataset will not be optimized because the dataset does not implement the AsGraphDefInternal() method needed to apply optimizations.
2026-05-18 02:56:57.716683: W tensorflow/core/framework/dataset.cc:807] Input of GeneratorDatasetOp::Dataset will not be optimized because the dataset does not implement the AsGraphDefInternal() method needed to apply optimizations.
2026-05-18 02:56:57.717050: I tensorflow/core/common_runtime/executor.cc:1197] [/device:CPU:0] (DEBUG INFO) Executor start aborting (this does not indicate an error and you can ignore this message): INVALID_ARGUMENT: You must feed a value for placeholder tensor 'Placeholder/_0' with dtype variant
	 [[{{node Placeholder/_0}}]]
2026-05-18 02:56:57.717294: I tensorflow/core/common_runtime/executor.cc:1197] [/device:CPU:0] (DEBUG INFO) Executor start aborting (this does not indicate an error and you can ignore this message): INVALID_ARGUMENT: You must feed a value for placeholder tensor 'Placeholder/_0' with dtype variant
	 [[{{node Placeholder/_0}}]]
2026-05-18 02:56:57.722013: W tensorflow/core/framework/dataset.cc:807] Input of GeneratorDatasetOp::Dataset will not be optimized because the dataset does not implement the AsGraphDefInternal() method needed to apply optimizations.
2026-05-18 02:56:57.722688: I tensorflow/core/common_runtime/executor.cc:1197] [/device:CPU:0] (DEBUG INFO) Executor start aborting (this does not indicate an error and you can ignore this message): INVALID_ARGUMENT: You must feed a value for placeholder tensor 'Placeholder/_0' with dtype variant
	 [[{{node Placeholder/_0}}]]
2026-05-18 02:56:57.726905: W tensorflow/core/framework/dataset.cc:807] Input of GeneratorDatasetOp::Dataset will not be optimized because the dataset does not implement the AsGraphDefInternal() method needed to apply optimizations.
2026-05-18 02:56:57.727730: I tensorflow/core/common_runtime/executor.cc:1197] [/device:CPU:0] (DEBUG INFO) Executor start aborting (this does not indicate an error and you can ignore this message): INVALID_ARGUMENT: You must feed a value for placeholder tensor 'Placeholder/_0' with dtype variant
	 [[{{node Placeholder/_0}}]]
2026-05-18 02:56:57.731941: W tensorflow/core/framework/dataset.cc:807] Input of GeneratorDatasetOp::Dataset will not be optimized because the dataset does not implement the AsGraphDefInternal() method needed to apply optimizations.
2026-05-18 02:56:57.732573: I tensorflow/core/common_runtime/executor.cc:1197] [/device:CPU:0] (DEBUG INFO) Executor start aborting (this does not indicate an error and you can ignore this message): INVALID_ARGUMENT: You must feed a value for placeholder tensor 'Placeholder/_0' with dtype variant
	 [[{{node Placeholder/_0}}]]
2026-05-18 02:56:57.751851: I tensorflow/core/common_runtime/executor.cc:1197] [/device:CPU:0] (DEBUG INFO) Executor start aborting (this does not indicate an error and you can ignore this message): INVALID_ARGUMENT: You must feed a value for placeholder tensor 'Placeholder/_10' with dtype int64
	 [[{{node Placeholder/_10}}]]
2026-05-18 02:56:57.752111: I tensorflow/core/common_runtime/executor.cc:1197] [/device:CPU:0] (DEBUG INFO) Executor start aborting (this does not indicate an error and you can ignore this message): INVALID_ARGUMENT: You must feed a value for placeholder tensor 'Placeholder/_1' with dtype int32 and shape [497457]
	 [[{{node Placeholder/_1}}]]
2026-05-18 02:56:57.752644: I tensorflow/core/common_runtime/executor.cc:1197] [/device:CPU:0] (DEBUG INFO) Executor start aborting (this does not indicate an error and you can ignore this message): INVALID_ARGUMENT: You must feed a value for placeholder tensor 'Placeholder/_7' with dtype resource
	 [[{{node Placeholder/_7}}]]
2026-05-18 02:56:57.752962: I tensorflow/core/common_runtime/executor.cc:1197] [/device:CPU:0] (DEBUG INFO) Executor start aborting (this does not indicate an error and you can ignore this message): INVALID_ARGUMENT: You must feed a value for placeholder tensor 'Placeholder/_8' with dtype int64
	 [[{{node Placeholder/_8}}]]
2026-05-18 02:56:57.755856: I tensorflow/core/common_runtime/executor.cc:1197] [/device:CPU:0] (DEBUG INFO) Executor start aborting (this does not indicate an error and you can ignore this message): INVALID_ARGUMENT: You must feed a value for placeholder tensor 'Placeholder/_9' with dtype string
	 [[{{node Placeholder/_9}}]]
2026-05-18 02:56:57.756676: I tensorflow/core/common_runtime/executor.cc:1197] [/device:CPU:0] (DEBUG INFO) Executor start aborting (this does not indicate an error and you can ignore this message): INVALID_ARGUMENT: You must feed a value for placeholder tensor 'Placeholder/_9' with dtype string
	 [[{{node Placeholder/_9}}]]
2026-05-18 02:56:57.756945: I tensorflow/core/common_runtime/executor.cc:1197] [/device:CPU:0] (DEBUG INFO) Executor start aborting (this does not indicate an error and you can ignore this message): INVALID_ARGUMENT: You must feed a value for placeholder tensor 'Placeholder/_10' with dtype int64
	 [[{{node Placeholder/_10}}]]
2026-05-18 02:56:57.758138: I tensorflow/core/common_runtime/executor.cc:1197] [/device:CPU:0] (DEBUG INFO) Executor start aborting (this does not indicate an error and you can ignore this message): INVALID_ARGUMENT: You must feed a value for placeholder tensor 'Placeholder/_7' with dtype resource
	 [[{{node Placeholder/_7}}]]
2026-05-18 02:56:57.761488: I tensorflow/core/common_runtime/executor.cc:1197] [/device:CPU:0] (DEBUG INFO) Executor start aborting (this does not indicate an error and you can ignore this message): INVALID_ARGUMENT: You must feed a value for placeholder tensor 'Placeholder/_8' with dtype int64
	 [[{{node Placeholder/_8}}]]
2026-05-18 02:56:57.762362: I tensorflow/core/common_runtime/executor.cc:1197] [/device:CPU:0] (DEBUG INFO) Executor start aborting (this does not indicate an error and you can ignore this message): INVALID_ARGUMENT: You must feed a value for placeholder tensor 'Placeholder/_0' with dtype string and shape [497457]
	 [[{{node Placeholder/_0}}]]
2026-05-18 02:56:57.767779: I tensorflow/core/common_runtime/executor.cc:1197] [/device:CPU:0] (DEBUG INFO) Executor start aborting (this does not indicate an error and you can ignore this message): INVALID_ARGUMENT: You must feed a value for placeholder tensor 'Placeholder/_10' with dtype int64
	 [[{{node Placeholder/_10}}]]
2026-05-18 02:56:57.768619: I tensorflow/core/common_runtime/executor.cc:1197] [/device:CPU:0] (DEBUG INFO) Executor start aborting (this does not indicate an error and you can ignore this message): INVALID_ARGUMENT: You must feed a value for placeholder tensor 'Placeholder/_10' with dtype int64
	 [[{{node Placeholder/_10}}]]
2026-05-18 02:56:57.770388: I tensorflow/core/common_runtime/executor.cc:1197] [/device:CPU:0] (DEBUG INFO) Executor start aborting (this does not indicate an error and you can ignore this message): INVALID_ARGUMENT: You must feed a value for placeholder tensor 'Placeholder/_10' with dtype int64
	 [[{{node Placeholder/_10}}]]
2026-05-18 02:56:57.771324: I tensorflow/core/common_runtime/executor.cc:1197] [/device:CPU:0] (DEBUG INFO) Executor start aborting (this does not indicate an error and you can ignore this message): INVALID_ARGUMENT: You must feed a value for placeholder tensor 'Placeholder/_10' with dtype int64
	 [[{{node Placeholder/_10}}]]
2026-05-18 02:56:57.774784: I tensorflow/core/common_runtime/executor.cc:1197] [/device:CPU:0] (DEBUG INFO) Executor start aborting (this does not indicate an error and you can ignore this message): INVALID_ARGUMENT: You must feed a value for placeholder tensor 'Placeholder/_10' with dtype int64
	 [[{{node Placeholder/_10}}]]
2026-05-18 02:56:57.775614: I tensorflow/core/common_runtime/executor.cc:1197] [/device:CPU:0] (DEBUG INFO) Executor start aborting (this does not indicate an error and you can ignore this message): INVALID_ARGUMENT: You must feed a value for placeholder tensor 'Placeholder/_10' with dtype int64
	 [[{{node Placeholder/_10}}]]
2026-05-18 02:56:57.843243: I tensorflow/core/common_runtime/executor.cc:1197] [/device:CPU:0] (DEBUG INFO) Executor start aborting (this does not indicate an error and you can ignore this message): INVALID_ARGUMENT: You must feed a value for placeholder tensor 'Placeholder/_0' with dtype variant
	 [[{{node Placeholder/_0}}]]
2026-05-18 02:56:57.843689: I tensorflow/core/common_runtime/executor.cc:1197] [/device:CPU:0] (DEBUG INFO) Executor start aborting (this does not indicate an error and you can ignore this message): INVALID_ARGUMENT: You must feed a value for placeholder tensor 'Placeholder/_0' with dtype variant
	 [[{{node Placeholder/_0}}]]
2026-05-18 02:56:57.848075: I tensorflow/core/common_runtime/executor.cc:1197] [/device:CPU:0] (DEBUG INFO) Executor start aborting (this does not indicate an error and you can ignore this message): INVALID_ARGUMENT: You must feed a value for placeholder tensor 'Placeholder/_0' with dtype variant
	 [[{{node Placeholder/_0}}]]
2026-05-18 02:56:57.857288: I tensorflow/core/common_runtime/executor.cc:1197] [/device:CPU:0] (DEBUG INFO) Executor start aborting (this does not indicate an error and you can ignore this message): INVALID_ARGUMENT: You must feed a value for placeholder tensor 'Placeholder/_0' with dtype variant
	 [[{{node Placeholder/_0}}]]
2026-05-18 02:56:57.860298: I tensorflow/core/common_runtime/executor.cc:1197] [/device:CPU:0] (DEBUG INFO) Executor start aborting (this does not indicate an error and you can ignore this message): INVALID_ARGUMENT: You must feed a value for placeholder tensor 'Placeholder/_0' with dtype variant
	 [[{{node Placeholder/_0}}]]
2026-05-18 02:56:57.869504: I tensorflow/core/common_runtime/executor.cc:1197] [/device:CPU:0] (DEBUG INFO) Executor start aborting (this does not indicate an error and you can ignore this message): INVALID_ARGUMENT: You must feed a value for placeholder tensor 'Placeholder/_0' with dtype variant
	 [[{{node Placeholder/_0}}]]
2026-05-18 02:56:57.875562: I tensorflow/core/common_runtime/executor.cc:1197] [/device:CPU:0] (DEBUG INFO) Executor start aborting (this does not indicate an error and you can ignore this message): INVALID_ARGUMENT: You must feed a value for placeholder tensor 'Placeholder/_0' with dtype variant
	 [[{{node Placeholder/_0}}]]
2026-05-18 02:56:57.901750: I tensorflow/core/common_runtime/executor.cc:1197] [/device:CPU:0] (DEBUG INFO) Executor start aborting (this does not indicate an error and you can ignore this message): INVALID_ARGUMENT: You must feed a value for placeholder tensor 'Placeholder/_0' with dtype variant
	 [[{{node Placeholder/_0}}]]
2026-05-18 02:59:08.241011: I tensorflow/core/common_runtime/executor.cc:1197] [/device:CPU:0] (DEBUG INFO) Executor start aborting (this does not indicate an error and you can ignore this message): INVALID_ARGUMENT: You must feed a value for placeholder tensor 'Placeholder/_13' with dtype int64
	 [[{{node Placeholder/_13}}]]
2026-05-18 02:59:08.245949: I tensorflow/core/common_runtime/executor.cc:1197] [/device:CPU:0] (DEBUG INFO) Executor start aborting (this does not indicate an error and you can ignore this message): INVALID_ARGUMENT: You must feed a value for placeholder tensor 'Placeholder/_14' with dtype string
	 [[{{node Placeholder/_14}}]]
2026-05-18 02:59:08.242079: I tensorflow/core/common_runtime/executor.cc:1197] [/device:CPU:0] (DEBUG INFO) Executor start aborting (this does not indicate an error and you can ignore this message): INVALID_ARGUMENT: You must feed a value for placeholder tensor 'Placeholder/_12' with dtype resource
	 [[{{node Placeholder/_12}}]]
2026-05-18 02:59:08.243289: I tensorflow/core/common_runtime/executor.cc:1197] [/device:CPU:0] (DEBUG INFO) Executor start aborting (this does not indicate an error and you can ignore this message): INVALID_ARGUMENT: You must feed a value for placeholder tensor 'Placeholder/_1' with dtype int32 and shape [2320148]
	 [[{{node Placeholder/_1}}]]
2026-05-18 02:59:08.242117: I tensorflow/core/common_runtime/executor.cc:1197] [/device:CPU:0] (DEBUG INFO) Executor start aborting (this does not indicate an error and you can ignore this message): INVALID_ARGUMENT: You must feed a value for placeholder tensor 'Placeholder/_15' with dtype int64
	 [[{{node Placeholder/_15}}]]
2026-05-18 02:59:08.245180: I tensorflow/core/common_runtime/executor.cc:1197] [/device:CPU:0] (DEBUG INFO) Executor start aborting (this does not indicate an error and you can ignore this message): INVALID_ARGUMENT: You must feed a value for placeholder tensor 'Placeholder/_13' with dtype int64
	 [[{{node Placeholder/_13}}]]
2026-05-18 02:59:08.246776: I tensorflow/core/common_runtime/executor.cc:1197] [/device:CPU:0] (DEBUG INFO) Executor start aborting (this does not indicate an error and you can ignore this message): INVALID_ARGUMENT: You must feed a value for placeholder tensor 'Placeholder/_13' with dtype int64
	 [[{{node Placeholder/_13}}]]
2026-05-18 02:59:08.244371: I tensorflow/core/common_runtime/executor.cc:1197] [/device:CPU:0] (DEBUG INFO) Executor start aborting (this does not indicate an error and you can ignore this message): INVALID_ARGUMENT: You must feed a value for placeholder tensor 'Placeholder/_15' with dtype int64
	 [[{{node Placeholder/_15}}]]
2026-05-18 02:59:08.242945: I tensorflow/core/common_runtime/executor.cc:1197] [/device:CPU:0] (DEBUG INFO) Executor start aborting (this does not indicate an error and you can ignore this message): INVALID_ARGUMENT: You must feed a value for placeholder tensor 'Placeholder/_13' with dtype int64
	 [[{{node Placeholder/_13}}]]
2026-05-18 02:59:08.246021: I tensorflow/core/common_runtime/executor.cc:1197] [/device:CPU:0] (DEBUG INFO) Executor start aborting (this does not indicate an error and you can ignore this message): INVALID_ARGUMENT: You must feed a value for placeholder tensor 'Placeholder/_15' with dtype int64
	 [[{{node Placeholder/_15}}]]
2026-05-18 02:59:08.250779: I tensorflow/core/common_runtime/executor.cc:1197] [/device:CPU:0] (DEBUG INFO) Executor start aborting (this does not indicate an error and you can ignore this message): INVALID_ARGUMENT: You must feed a value for placeholder tensor 'Placeholder/_12' with dtype resource
	 [[{{node Placeholder/_12}}]]
2026-05-18 02:59:08.251871: I tensorflow/core/common_runtime/executor.cc:1197] [/device:CPU:0] (DEBUG INFO) Executor start aborting (this does not indicate an error and you can ignore this message): INVALID_ARGUMENT: You must feed a value for placeholder tensor 'Placeholder/_15' with dtype int64
	 [[{{node Placeholder/_15}}]]
2026-05-18 02:59:08.255302: I tensorflow/core/common_runtime/executor.cc:1197] [/device:CPU:0] (DEBUG INFO) Executor start aborting (this does not indicate an error and you can ignore this message): INVALID_ARGUMENT: You must feed a value for placeholder tensor 'Placeholder/_1' with dtype int32 and shape [2320148]
	 [[{{node Placeholder/_1}}]]
2026-05-18 02:59:08.271634: I tensorflow/core/common_runtime/executor.cc:1197] [/device:CPU:0] (DEBUG INFO) Executor start aborting (this does not indicate an error and you can ignore this message): INVALID_ARGUMENT: You must feed a value for placeholder tensor 'Placeholder/_1' with dtype int32 and shape [2320148]
	 [[{{node Placeholder/_1}}]]
2026-05-18 02:59:08.319535: I tensorflow/core/common_runtime/executor.cc:1197] [/device:CPU:0] (DEBUG INFO) Executor start aborting (this does not indicate an error and you can ignore this message): INVALID_ARGUMENT: You must feed a value for placeholder tensor 'Placeholder/_1' with dtype int32 and shape [2320148]
	 [[{{node Placeholder/_1}}]]
2026-05-18 02:59:08.320557: I tensorflow/core/common_runtime/executor.cc:1197] [/device:CPU:0] (DEBUG INFO) Executor start aborting (this does not indicate an error and you can ignore this message): INVALID_ARGUMENT: You must feed a value for placeholder tensor 'Placeholder/_15' with dtype int64
	 [[{{node Placeholder/_15}}]]
2026-05-18 02:59:08.350234: W tensorflow/core/framework/dataset.cc:807] Input of GeneratorDatasetOp::Dataset will not be optimized because the dataset does not implement the AsGraphDefInternal() method needed to apply optimizations.
2026-05-18 02:59:08.351024: I tensorflow/core/common_runtime/executor.cc:1197] [/device:CPU:0] (DEBUG INFO) Executor start aborting (this does not indicate an error and you can ignore this message): INVALID_ARGUMENT: You must feed a value for placeholder tensor 'Placeholder/_0' with dtype variant
	 [[{{node Placeholder/_0}}]]
2026-05-18 02:59:08.357188: W tensorflow/core/framework/dataset.cc:807] Input of GeneratorDatasetOp::Dataset will not be optimized because the dataset does not implement the AsGraphDefInternal() method needed to apply optimizations.
2026-05-18 02:59:08.357636: I tensorflow/core/common_runtime/executor.cc:1197] [/device:CPU:0] (DEBUG INFO) Executor start aborting (this does not indicate an error and you can ignore this message): INVALID_ARGUMENT: You must feed a value for placeholder tensor 'Placeholder/_0' with dtype variant
	 [[{{node Placeholder/_0}}]]
2026-05-18 02:59:08.361778: W tensorflow/core/framework/dataset.cc:807] Input of GeneratorDatasetOp::Dataset will not be optimized because the dataset does not implement the AsGraphDefInternal() method needed to apply optimizations.
2026-05-18 02:59:08.362363: I tensorflow/core/common_runtime/executor.cc:1197] [/device:CPU:0] (DEBUG INFO) Executor start aborting (this does not indicate an error and you can ignore this message): INVALID_ARGUMENT: You must feed a value for placeholder tensor 'Placeholder/_0' with dtype variant
	 [[{{node Placeholder/_0}}]]
2026-05-18 02:59:08.366994: W tensorflow/core/framework/dataset.cc:807] Input of GeneratorDatasetOp::Dataset will not be optimized because the dataset does not implement the AsGraphDefInternal() method needed to apply optimizations.
2026-05-18 02:59:08.368164: I tensorflow/core/common_runtime/executor.cc:1197] [/device:CPU:0] (DEBUG INFO) Executor start aborting (this does not indicate an error and you can ignore this message): INVALID_ARGUMENT: You must feed a value for placeholder tensor 'Placeholder/_0' with dtype variant
	 [[{{node Placeholder/_0}}]]
2026-05-18 02:59:08.373783: W tensorflow/core/framework/dataset.cc:807] Input of GeneratorDatasetOp::Dataset will not be optimized because the dataset does not implement the AsGraphDefInternal() method needed to apply optimizations.
2026-05-18 02:59:08.374664: I tensorflow/core/common_runtime/executor.cc:1197] [/device:CPU:0] (DEBUG INFO) Executor start aborting (this does not indicate an error and you can ignore this message): INVALID_ARGUMENT: You must feed a value for placeholder tensor 'Placeholder/_0' with dtype variant
	 [[{{node Placeholder/_0}}]]
2026-05-18 02:59:08.377407: W tensorflow/core/framework/dataset.cc:807] Input of GeneratorDatasetOp::Dataset will not be optimized because the dataset does not implement the AsGraphDefInternal() method needed to apply optimizations.
2026-05-18 02:59:08.378230: I tensorflow/core/common_runtime/executor.cc:1197] [/device:CPU:0] (DEBUG INFO) Executor start aborting (this does not indicate an error and you can ignore this message): INVALID_ARGUMENT: You must feed a value for placeholder tensor 'Placeholder/_0' with dtype variant
	 [[{{node Placeholder/_0}}]]
2026-05-18 02:59:08.382155: W tensorflow/core/framework/dataset.cc:807] Input of GeneratorDatasetOp::Dataset will not be optimized because the dataset does not implement the AsGraphDefInternal() method needed to apply optimizations.
2026-05-18 02:59:08.383080: I tensorflow/core/common_runtime/executor.cc:1197] [/device:CPU:0] (DEBUG INFO) Executor start aborting (this does not indicate an error and you can ignore this message): INVALID_ARGUMENT: You must feed a value for placeholder tensor 'Placeholder/_0' with dtype variant
	 [[{{node Placeholder/_0}}]]
2026-05-18 02:59:08.454078: W tensorflow/core/framework/dataset.cc:807] Input of GeneratorDatasetOp::Dataset will not be optimized because the dataset does not implement the AsGraphDefInternal() method needed to apply optimizations.
2026-05-18 02:59:08.454701: I tensorflow/core/common_runtime/executor.cc:1197] [/device:CPU:0] (DEBUG INFO) Executor start aborting (this does not indicate an error and you can ignore this message): INVALID_ARGUMENT: You must feed a value for placeholder tensor 'Placeholder/_0' with dtype variant
	 [[{{node Placeholder/_0}}]]
2026-05-18 04:46:21.934182: I tensorflow/core/common_runtime/executor.cc:1197] [/device:CPU:0] (DEBUG INFO) Executor start aborting (this does not indicate an error and you can ignore this message): INVALID_ARGUMENT: You must feed a value for placeholder tensor 'Placeholder/_7' with dtype resource
	 [[{{node Placeholder/_7}}]]
2026-05-18 04:46:21.935483: I tensorflow/core/common_runtime/executor.cc:1197] [/device:CPU:0] (DEBUG INFO) Executor start aborting (this does not indicate an error and you can ignore this message): INVALID_ARGUMENT: You must feed a value for placeholder tensor 'Placeholder/_0' with dtype string and shape [497457]
	 [[{{node Placeholder/_0}}]]
2026-05-18 04:46:21.936000: I tensorflow/core/common_runtime/executor.cc:1197] [/device:CPU:0] (DEBUG INFO) Executor start aborting (this does not indicate an error and you can ignore this message): INVALID_ARGUMENT: You must feed a value for placeholder tensor 'Placeholder/_1' with dtype int32 and shape [497457]
	 [[{{node Placeholder/_1}}]]
2026-05-18 04:46:21.937008: I tensorflow/core/common_runtime/executor.cc:1197] [/device:CPU:0] (DEBUG INFO) Executor start aborting (this does not indicate an error and you can ignore this message): INVALID_ARGUMENT: You must feed a value for placeholder tensor 'Placeholder/_9' with dtype string
	 [[{{node Placeholder/_9}}]]
2026-05-18 04:46:21.939470: I tensorflow/core/common_runtime/executor.cc:1197] [/device:CPU:0] (DEBUG INFO) Executor start aborting (this does not indicate an error and you can ignore this message): INVALID_ARGUMENT: You must feed a value for placeholder tensor 'Placeholder/_8' with dtype int64
	 [[{{node Placeholder/_8}}]]
2026-05-18 04:46:21.940556: I tensorflow/core/common_runtime/executor.cc:1197] [/device:CPU:0] (DEBUG INFO) Executor start aborting (this does not indicate an error and you can ignore this message): INVALID_ARGUMENT: You must feed a value for placeholder tensor 'Placeholder/_7' with dtype resource
	 [[{{node Placeholder/_7}}]]
2026-05-18 04:46:21.942185: I tensorflow/core/common_runtime/executor.cc:1197] [/device:CPU:0] (DEBUG INFO) Executor start aborting (this does not indicate an error and you can ignore this message): INVALID_ARGUMENT: You must feed a value for placeholder tensor 'Placeholder/_8' with dtype int64
	 [[{{node Placeholder/_8}}]]
2026-05-18 04:46:21.942926: I tensorflow/core/common_runtime/executor.cc:1197] [/device:CPU:0] (DEBUG INFO) Executor start aborting (this does not indicate an error and you can ignore this message): INVALID_ARGUMENT: You must feed a value for placeholder tensor 'Placeholder/_10' with dtype int64
	 [[{{node Placeholder/_10}}]]
2026-05-18 04:46:21.943058: I tensorflow/core/common_runtime/executor.cc:1197] [/device:CPU:0] (DEBUG INFO) Executor start aborting (this does not indicate an error and you can ignore this message): INVALID_ARGUMENT: You must feed a value for placeholder tensor 'Placeholder/_9' with dtype string
	 [[{{node Placeholder/_9}}]]
2026-05-18 04:46:21.944213: I tensorflow/core/common_runtime/executor.cc:1197] [/device:CPU:0] (DEBUG INFO) Executor start aborting (this does not indicate an error and you can ignore this message): INVALID_ARGUMENT: You must feed a value for placeholder tensor 'Placeholder/_7' with dtype resource
	 [[{{node Placeholder/_7}}]]
2026-05-18 04:46:21.947931: I tensorflow/core/common_runtime/executor.cc:1197] [/device:CPU:0] (DEBUG INFO) Executor start aborting (this does not indicate an error and you can ignore this message): INVALID_ARGUMENT: You must feed a value for placeholder tensor 'Placeholder/_10' with dtype int64
	 [[{{node Placeholder/_10}}]]
2026-05-18 04:46:21.948835: I tensorflow/core/common_runtime/executor.cc:1197] [/device:CPU:0] (DEBUG INFO) Executor start aborting (this does not indicate an error and you can ignore this message): INVALID_ARGUMENT: You must feed a value for placeholder tensor 'Placeholder/_1' with dtype int32 and shape [497457]
	 [[{{node Placeholder/_1}}]]
2026-05-18 04:46:21.949188: I tensorflow/core/common_runtime/executor.cc:1197] [/device:CPU:0] (DEBUG INFO) Executor start aborting (this does not indicate an error and you can ignore this message): INVALID_ARGUMENT: You must feed a value for placeholder tensor 'Placeholder/_9' with dtype string
	 [[{{node Placeholder/_9}}]]
2026-05-18 04:46:21.950141: I tensorflow/core/common_runtime/executor.cc:1197] [/device:CPU:0] (DEBUG INFO) Executor start aborting (this does not indicate an error and you can ignore this message): INVALID_ARGUMENT: You must feed a value for placeholder tensor 'Placeholder/_7' with dtype resource
	 [[{{node Placeholder/_7}}]]
2026-05-18 04:46:21.954680: I tensorflow/core/common_runtime/executor.cc:1197] [/device:CPU:0] (DEBUG INFO) Executor start aborting (this does not indicate an error and you can ignore this message): INVALID_ARGUMENT: You must feed a value for placeholder tensor 'Placeholder/_1' with dtype int32 and shape [497457]
	 [[{{node Placeholder/_1}}]]
2026-05-18 04:46:21.955640: I tensorflow/core/common_runtime/executor.cc:1197] [/device:CPU:0] (DEBUG INFO) Executor start aborting (this does not indicate an error and you can ignore this message): INVALID_ARGUMENT: You must feed a value for placeholder tensor 'Placeholder/_10' with dtype int64
	 [[{{node Placeholder/_10}}]]
2026-05-18 04:46:22.041928: W tensorflow/core/framework/dataset.cc:807] Input of GeneratorDatasetOp::Dataset will not be optimized because the dataset does not implement the AsGraphDefInternal() method needed to apply optimizations.
2026-05-18 04:46:22.042749: I tensorflow/core/common_runtime/executor.cc:1197] [/device:CPU:0] (DEBUG INFO) Executor start aborting (this does not indicate an error and you can ignore this message): INVALID_ARGUMENT: You must feed a value for placeholder tensor 'Placeholder/_0' with dtype variant
	 [[{{node Placeholder/_0}}]]
2026-05-18 04:46:22.052768: W tensorflow/core/framework/dataset.cc:807] Input of GeneratorDatasetOp::Dataset will not be optimized because the dataset does not implement the AsGraphDefInternal() method needed to apply optimizations.
2026-05-18 04:46:22.052937: W tensorflow/core/framework/dataset.cc:807] Input of GeneratorDatasetOp::Dataset will not be optimized because the dataset does not implement the AsGraphDefInternal() method needed to apply optimizations.
2026-05-18 04:46:22.053393: I tensorflow/core/common_runtime/executor.cc:1197] [/device:CPU:0] (DEBUG INFO) Executor start aborting (this does not indicate an error and you can ignore this message): INVALID_ARGUMENT: You must feed a value for placeholder tensor 'Placeholder/_0' with dtype variant
	 [[{{node Placeholder/_0}}]]
2026-05-18 04:46:22.053880: I tensorflow/core/common_runtime/executor.cc:1197] [/device:CPU:0] (DEBUG INFO) Executor start aborting (this does not indicate an error and you can ignore this message): INVALID_ARGUMENT: You must feed a value for placeholder tensor 'Placeholder/_0' with dtype variant
	 [[{{node Placeholder/_0}}]]
2026-05-18 04:46:22.056997: W tensorflow/core/framework/dataset.cc:807] Input of GeneratorDatasetOp::Dataset will not be optimized because the dataset does not implement the AsGraphDefInternal() method needed to apply optimizations.
2026-05-18 04:46:22.057957: I tensorflow/core/common_runtime/executor.cc:1197] [/device:CPU:0] (DEBUG INFO) Executor start aborting (this does not indicate an error and you can ignore this message): INVALID_ARGUMENT: You must feed a value for placeholder tensor 'Placeholder/_0' with dtype variant
	 [[{{node Placeholder/_0}}]]
2026-05-18 04:46:22.064472: W tensorflow/core/framework/dataset.cc:807] Input of GeneratorDatasetOp::Dataset will not be optimized because the dataset does not implement the AsGraphDefInternal() method needed to apply optimizations.
2026-05-18 04:46:22.065104: I tensorflow/core/common_runtime/executor.cc:1197] [/device:CPU:0] (DEBUG INFO) Executor start aborting (this does not indicate an error and you can ignore this message): INVALID_ARGUMENT: You must feed a value for placeholder tensor 'Placeholder/_0' with dtype variant
	 [[{{node Placeholder/_0}}]]
2026-05-18 04:46:22.071328: W tensorflow/core/framework/dataset.cc:807] Input of GeneratorDatasetOp::Dataset will not be optimized because the dataset does not implement the AsGraphDefInternal() method needed to apply optimizations.
2026-05-18 04:46:22.072077: I tensorflow/core/common_runtime/executor.cc:1197] [/device:CPU:0] (DEBUG INFO) Executor start aborting (this does not indicate an error and you can ignore this message): INVALID_ARGUMENT: You must feed a value for placeholder tensor 'Placeholder/_0' with dtype variant
	 [[{{node Placeholder/_0}}]]
2026-05-18 04:46:22.077388: W tensorflow/core/framework/dataset.cc:807] Input of GeneratorDatasetOp::Dataset will not be optimized because the dataset does not implement the AsGraphDefInternal() method needed to apply optimizations.
2026-05-18 04:46:22.078029: I tensorflow/core/common_runtime/executor.cc:1197] [/device:CPU:0] (DEBUG INFO) Executor start aborting (this does not indicate an error and you can ignore this message): INVALID_ARGUMENT: You must feed a value for placeholder tensor 'Placeholder/_0' with dtype variant
	 [[{{node Placeholder/_0}}]]
2026-05-18 04:46:22.079777: W tensorflow/core/framework/dataset.cc:807] Input of GeneratorDatasetOp::Dataset will not be optimized because the dataset does not implement the AsGraphDefInternal() method needed to apply optimizations.
2026-05-18 04:46:22.080024: I tensorflow/core/common_runtime/executor.cc:1197] [/device:CPU:0] (DEBUG INFO) Executor start aborting (this does not indicate an error and you can ignore this message): INVALID_ARGUMENT: You must feed a value for placeholder tensor 'Placeholder/_0' with dtype string and shape [497457]
	 [[{{node Placeholder/_0}}]]
2026-05-18 04:46:22.080350: I tensorflow/core/common_runtime/executor.cc:1197] [/device:CPU:0] (DEBUG INFO) Executor start aborting (this does not indicate an error and you can ignore this message): INVALID_ARGUMENT: You must feed a value for placeholder tensor 'Placeholder/_0' with dtype variant
	 [[{{node Placeholder/_0}}]]
2026-05-18 04:46:22.081132: I tensorflow/core/common_runtime/executor.cc:1197] [/device:CPU:0] (DEBUG INFO) Executor start aborting (this does not indicate an error and you can ignore this message): INVALID_ARGUMENT: You must feed a value for placeholder tensor 'Placeholder/_10' with dtype int64
	 [[{{node Placeholder/_10}}]]
2026-05-18 04:46:22.092865: I tensorflow/core/common_runtime/executor.cc:1197] [/device:CPU:0] (DEBUG INFO) Executor start aborting (this does not indicate an error and you can ignore this message): INVALID_ARGUMENT: You must feed a value for placeholder tensor 'Placeholder/_10' with dtype int64
	 [[{{node Placeholder/_10}}]]
2026-05-18 04:46:22.093761: I tensorflow/core/common_runtime/executor.cc:1197] [/device:CPU:0] (DEBUG INFO) Executor start aborting (this does not indicate an error and you can ignore this message): INVALID_ARGUMENT: You must feed a value for placeholder tensor 'Placeholder/_8' with dtype int64
	 [[{{node Placeholder/_8}}]]
2026-05-18 04:46:22.095227: I tensorflow/core/common_runtime/executor.cc:1197] [/device:CPU:0] (DEBUG INFO) Executor start aborting (this does not indicate an error and you can ignore this message): INVALID_ARGUMENT: You must feed a value for placeholder tensor 'Placeholder/_10' with dtype int64
	 [[{{node Placeholder/_10}}]]
2026-05-18 04:46:22.095927: I tensorflow/core/common_runtime/executor.cc:1197] [/device:CPU:0] (DEBUG INFO) Executor start aborting (this does not indicate an error and you can ignore this message): INVALID_ARGUMENT: You must feed a value for placeholder tensor 'Placeholder/_9' with dtype string
	 [[{{node Placeholder/_9}}]]
2026-05-18 04:46:22.099934: I tensorflow/core/common_runtime/executor.cc:1197] [/device:CPU:0] (DEBUG INFO) Executor start aborting (this does not indicate an error and you can ignore this message): INVALID_ARGUMENT: You must feed a value for placeholder tensor 'Placeholder/_10' with dtype int64
	 [[{{node Placeholder/_10}}]]
2026-05-18 04:46:22.101633: I tensorflow/core/common_runtime/executor.cc:1197] [/device:CPU:0] (DEBUG INFO) Executor start aborting (this does not indicate an error and you can ignore this message): INVALID_ARGUMENT: You must feed a value for placeholder tensor 'Placeholder/_10' with dtype int64
	 [[{{node Placeholder/_10}}]]
2026-05-18 04:46:22.107992: I tensorflow/core/common_runtime/executor.cc:1197] [/device:CPU:0] (DEBUG INFO) Executor start aborting (this does not indicate an error and you can ignore this message): INVALID_ARGUMENT: You must feed a value for placeholder tensor 'Placeholder/_10' with dtype int64
	 [[{{node Placeholder/_10}}]]
2026-05-18 04:46:22.108911: I tensorflow/core/common_runtime/executor.cc:1197] [/device:CPU:0] (DEBUG INFO) Executor start aborting (this does not indicate an error and you can ignore this message): INVALID_ARGUMENT: You must feed a value for placeholder tensor 'Placeholder/_10' with dtype int64
	 [[{{node Placeholder/_10}}]]
2026-05-18 04:46:22.117194: I tensorflow/core/common_runtime/executor.cc:1197] [/device:CPU:0] (DEBUG INFO) Executor start aborting (this does not indicate an error and you can ignore this message): INVALID_ARGUMENT: You must feed a value for placeholder tensor 'Placeholder/_8' with dtype int64
	 [[{{node Placeholder/_8}}]]
2026-05-18 04:46:22.118107: I tensorflow/core/common_runtime/executor.cc:1197] [/device:CPU:0] (DEBUG INFO) Executor start aborting (this does not indicate an error and you can ignore this message): INVALID_ARGUMENT: You must feed a value for placeholder tensor 'Placeholder/_0' with dtype string and shape [497457]
	 [[{{node Placeholder/_0}}]]
2026-05-18 04:46:22.119597: I tensorflow/core/common_runtime/executor.cc:1197] [/device:CPU:0] (DEBUG INFO) Executor start aborting (this does not indicate an error and you can ignore this message): INVALID_ARGUMENT: You must feed a value for placeholder tensor 'Placeholder/_10' with dtype int64
	 [[{{node Placeholder/_10}}]]
2026-05-18 04:46:22.120441: I tensorflow/core/common_runtime/executor.cc:1197] [/device:CPU:0] (DEBUG INFO) Executor start aborting (this does not indicate an error and you can ignore this message): INVALID_ARGUMENT: You must feed a value for placeholder tensor 'Placeholder/_1' with dtype int32 and shape [497457]
	 [[{{node Placeholder/_1}}]]
2026-05-18 04:46:22.122945: I tensorflow/core/common_runtime/executor.cc:1197] [/device:CPU:0] (DEBUG INFO) Executor start aborting (this does not indicate an error and you can ignore this message): INVALID_ARGUMENT: You must feed a value for placeholder tensor 'Placeholder/_0' with dtype string and shape [497457]
	 [[{{node Placeholder/_0}}]]
2026-05-18 04:46:22.123823: I tensorflow/core/common_runtime/executor.cc:1197] [/device:CPU:0] (DEBUG INFO) Executor start aborting (this does not indicate an error and you can ignore this message): INVALID_ARGUMENT: You must feed a value for placeholder tensor 'Placeholder/_10' with dtype int64
	 [[{{node Placeholder/_10}}]]
2026-05-18 04:46:22.173923: I tensorflow/core/common_runtime/executor.cc:1197] [/device:CPU:0] (DEBUG INFO) Executor start aborting (this does not indicate an error and you can ignore this message): INVALID_ARGUMENT: You must feed a value for placeholder tensor 'Placeholder/_0' with dtype variant
	 [[{{node Placeholder/_0}}]]
2026-05-18 04:46:22.176332: I tensorflow/core/common_runtime/executor.cc:1197] [/device:CPU:0] (DEBUG INFO) Executor start aborting (this does not indicate an error and you can ignore this message): INVALID_ARGUMENT: You must feed a value for placeholder tensor 'Placeholder/_0' with dtype variant
	 [[{{node Placeholder/_0}}]]
2026-05-18 04:46:22.189803: I tensorflow/core/common_runtime/executor.cc:1197] [/device:CPU:0] (DEBUG INFO) Executor start aborting (this does not indicate an error and you can ignore this message): INVALID_ARGUMENT: You must feed a value for placeholder tensor 'Placeholder/_0' with dtype variant
	 [[{{node Placeholder/_0}}]]
2026-05-18 04:46:22.202540: I tensorflow/core/common_runtime/executor.cc:1197] [/device:CPU:0] (DEBUG INFO) Executor start aborting (this does not indicate an error and you can ignore this message): INVALID_ARGUMENT: You must feed a value for placeholder tensor 'Placeholder/_0' with dtype variant
	 [[{{node Placeholder/_0}}]]
2026-05-18 04:46:22.208313: I tensorflow/core/common_runtime/executor.cc:1197] [/device:CPU:0] (DEBUG INFO) Executor start aborting (this does not indicate an error and you can ignore this message): INVALID_ARGUMENT: You must feed a value for placeholder tensor 'Placeholder/_0' with dtype variant
	 [[{{node Placeholder/_0}}]]
2026-05-18 04:46:22.215343: I tensorflow/core/common_runtime/executor.cc:1197] [/device:CPU:0] (DEBUG INFO) Executor start aborting (this does not indicate an error and you can ignore this message): INVALID_ARGUMENT: You must feed a value for placeholder tensor 'Placeholder/_0' with dtype variant
	 [[{{node Placeholder/_0}}]]
2026-05-18 04:46:22.220376: I tensorflow/core/common_runtime/executor.cc:1197] [/device:CPU:0] (DEBUG INFO) Executor start aborting (this does not indicate an error and you can ignore this message): INVALID_ARGUMENT: You must feed a value for placeholder tensor 'Placeholder/_0' with dtype variant
	 [[{{node Placeholder/_0}}]]
2026-05-18 04:46:22.227435: I tensorflow/core/common_runtime/executor.cc:1197] [/device:CPU:0] (DEBUG INFO) Executor start aborting (this does not indicate an error and you can ignore this message): INVALID_ARGUMENT: You must feed a value for placeholder tensor 'Placeholder/_0' with dtype variant
	 [[{{node Placeholder/_0}}]]
2026-05-18 04:48:31.092481: I tensorflow/core/common_runtime/executor.cc:1197] [/device:CPU:0] (DEBUG INFO) Executor start aborting (this does not indicate an error and you can ignore this message): INVALID_ARGUMENT: You must feed a value for placeholder tensor 'Placeholder/_15' with dtype int64
	 [[{{node Placeholder/_15}}]]
2026-05-18 04:48:31.093266: I tensorflow/core/common_runtime/executor.cc:1197] [/device:CPU:0] (DEBUG INFO) Executor start aborting (this does not indicate an error and you can ignore this message): INVALID_ARGUMENT: You must feed a value for placeholder tensor 'Placeholder/_12' with dtype resource
	 [[{{node Placeholder/_12}}]]
2026-05-18 04:48:31.095653: I tensorflow/core/common_runtime/executor.cc:1197] [/device:CPU:0] (DEBUG INFO) Executor start aborting (this does not indicate an error and you can ignore this message): INVALID_ARGUMENT: You must feed a value for placeholder tensor 'Placeholder/_12' with dtype resource
	 [[{{node Placeholder/_12}}]]
2026-05-18 04:48:31.096438: I tensorflow/core/common_runtime/executor.cc:1197] [/device:CPU:0] (DEBUG INFO) Executor start aborting (this does not indicate an error and you can ignore this message): INVALID_ARGUMENT: You must feed a value for placeholder tensor 'Placeholder/_15' with dtype int64
	 [[{{node Placeholder/_15}}]]
2026-05-18 04:48:31.097889: I tensorflow/core/common_runtime/executor.cc:1197] [/device:CPU:0] (DEBUG INFO) Executor start aborting (this does not indicate an error and you can ignore this message): INVALID_ARGUMENT: You must feed a value for placeholder tensor 'Placeholder/_15' with dtype int64
	 [[{{node Placeholder/_15}}]]
2026-05-18 04:48:31.099385: I tensorflow/core/common_runtime/executor.cc:1197] [/device:CPU:0] (DEBUG INFO) Executor start aborting (this does not indicate an error and you can ignore this message): INVALID_ARGUMENT: You must feed a value for placeholder tensor 'Placeholder/_1' with dtype int32 and shape [2320148]
	 [[{{node Placeholder/_1}}]]
2026-05-18 04:48:31.101827: I tensorflow/core/common_runtime/executor.cc:1197] [/device:CPU:0] (DEBUG INFO) Executor start aborting (this does not indicate an error and you can ignore this message): INVALID_ARGUMENT: You must feed a value for placeholder tensor 'Placeholder/_1' with dtype int32 and shape [2320148]
	 [[{{node Placeholder/_1}}]]
2026-05-18 04:48:31.102868: I tensorflow/core/common_runtime/executor.cc:1197] [/device:CPU:0] (DEBUG INFO) Executor start aborting (this does not indicate an error and you can ignore this message): INVALID_ARGUMENT: You must feed a value for placeholder tensor 'Placeholder/_14' with dtype string
	 [[{{node Placeholder/_14}}]]
2026-05-18 04:48:31.104065: I tensorflow/core/common_runtime/executor.cc:1197] [/device:CPU:0] (DEBUG INFO) Executor start aborting (this does not indicate an error and you can ignore this message): INVALID_ARGUMENT: You must feed a value for placeholder tensor 'Placeholder/_14' with dtype string
	 [[{{node Placeholder/_14}}]]
2026-05-18 04:48:31.105184: I tensorflow/core/common_runtime/executor.cc:1197] [/device:CPU:0] (DEBUG INFO) Executor start aborting (this does not indicate an error and you can ignore this message): INVALID_ARGUMENT: You must feed a value for placeholder tensor 'Placeholder/_1' with dtype int32 and shape [2320148]
	 [[{{node Placeholder/_1}}]]
2026-05-18 04:48:31.105637: I tensorflow/core/common_runtime/executor.cc:1197] [/device:CPU:0] (DEBUG INFO) Executor start aborting (this does not indicate an error and you can ignore this message): INVALID_ARGUMENT: You must feed a value for placeholder tensor 'Placeholder/_14' with dtype string
	 [[{{node Placeholder/_14}}]]
2026-05-18 04:48:31.106697: I tensorflow/core/common_runtime/executor.cc:1197] [/device:CPU:0] (DEBUG INFO) Executor start aborting (this does not indicate an error and you can ignore this message): INVALID_ARGUMENT: You must feed a value for placeholder tensor 'Placeholder/_15' with dtype int64
	 [[{{node Placeholder/_15}}]]
2026-05-18 04:48:31.106843: I tensorflow/core/common_runtime/executor.cc:1197] [/device:CPU:0] (DEBUG INFO) Executor start aborting (this does not indicate an error and you can ignore this message): INVALID_ARGUMENT: You must feed a value for placeholder tensor 'Placeholder/_0' with dtype string and shape [2320148]
	 [[{{node Placeholder/_0}}]]
2026-05-18 04:48:31.107885: I tensorflow/core/common_runtime/executor.cc:1197] [/device:CPU:0] (DEBUG INFO) Executor start aborting (this does not indicate an error and you can ignore this message): INVALID_ARGUMENT: You must feed a value for placeholder tensor 'Placeholder/_1' with dtype int32 and shape [2320148]
	 [[{{node Placeholder/_1}}]]
2026-05-18 04:48:31.126911: I tensorflow/core/common_runtime/executor.cc:1197] [/device:CPU:0] (DEBUG INFO) Executor start aborting (this does not indicate an error and you can ignore this message): INVALID_ARGUMENT: You must feed a value for placeholder tensor 'Placeholder/_1' with dtype int32 and shape [2320148]
	 [[{{node Placeholder/_1}}]]
2026-05-18 04:48:31.128832: I tensorflow/core/common_runtime/executor.cc:1197] [/device:CPU:0] (DEBUG INFO) Executor start aborting (this does not indicate an error and you can ignore this message): INVALID_ARGUMENT: You must feed a value for placeholder tensor 'Placeholder/_0' with dtype string and shape [2320148]
	 [[{{node Placeholder/_0}}]]
2026-05-18 04:48:31.193411: W tensorflow/core/framework/dataset.cc:807] Input of GeneratorDatasetOp::Dataset will not be optimized because the dataset does not implement the AsGraphDefInternal() method needed to apply optimizations.
2026-05-18 04:48:31.193855: I tensorflow/core/common_runtime/executor.cc:1197] [/device:CPU:0] (DEBUG INFO) Executor start aborting (this does not indicate an error and you can ignore this message): INVALID_ARGUMENT: You must feed a value for placeholder tensor 'Placeholder/_0' with dtype variant
	 [[{{node Placeholder/_0}}]]
2026-05-18 04:48:31.204239: W tensorflow/core/framework/dataset.cc:807] Input of GeneratorDatasetOp::Dataset will not be optimized because the dataset does not implement the AsGraphDefInternal() method needed to apply optimizations.
2026-05-18 04:48:31.204788: I tensorflow/core/common_runtime/executor.cc:1197] [/device:CPU:0] (DEBUG INFO) Executor start aborting (this does not indicate an error and you can ignore this message): INVALID_ARGUMENT: You must feed a value for placeholder tensor 'Placeholder/_0' with dtype variant
	 [[{{node Placeholder/_0}}]]
2026-05-18 04:48:31.212373: W tensorflow/core/framework/dataset.cc:807] Input of GeneratorDatasetOp::Dataset will not be optimized because the dataset does not implement the AsGraphDefInternal() method needed to apply optimizations.
2026-05-18 04:48:31.212828: I tensorflow/core/common_runtime/executor.cc:1197] [/device:CPU:0] (DEBUG INFO) Executor start aborting (this does not indicate an error and you can ignore this message): INVALID_ARGUMENT: You must feed a value for placeholder tensor 'Placeholder/_0' with dtype variant
	 [[{{node Placeholder/_0}}]]
2026-05-18 04:48:31.216941: W tensorflow/core/framework/dataset.cc:807] Input of GeneratorDatasetOp::Dataset will not be optimized because the dataset does not implement the AsGraphDefInternal() method needed to apply optimizations.
2026-05-18 04:48:31.217427: I tensorflow/core/common_runtime/executor.cc:1197] [/device:CPU:0] (DEBUG INFO) Executor start aborting (this does not indicate an error and you can ignore this message): INVALID_ARGUMENT: You must feed a value for placeholder tensor 'Placeholder/_0' with dtype variant
	 [[{{node Placeholder/_0}}]]
2026-05-18 04:48:31.218105: W tensorflow/core/framework/dataset.cc:807] Input of GeneratorDatasetOp::Dataset will not be optimized because the dataset does not implement the AsGraphDefInternal() method needed to apply optimizations.
2026-05-18 04:48:31.218567: I tensorflow/core/common_runtime/executor.cc:1197] [/device:CPU:0] (DEBUG INFO) Executor start aborting (this does not indicate an error and you can ignore this message): INVALID_ARGUMENT: You must feed a value for placeholder tensor 'Placeholder/_0' with dtype variant
	 [[{{node Placeholder/_0}}]]
2026-05-18 04:48:31.223895: W tensorflow/core/framework/dataset.cc:807] Input of GeneratorDatasetOp::Dataset will not be optimized because the dataset does not implement the AsGraphDefInternal() method needed to apply optimizations.
2026-05-18 04:48:31.225105: I tensorflow/core/common_runtime/executor.cc:1197] [/device:CPU:0] (DEBUG INFO) Executor start aborting (this does not indicate an error and you can ignore this message): INVALID_ARGUMENT: You must feed a value for placeholder tensor 'Placeholder/_0' with dtype variant
	 [[{{node Placeholder/_0}}]]
2026-05-18 04:48:31.228813: W tensorflow/core/framework/dataset.cc:807] Input of GeneratorDatasetOp::Dataset will not be optimized because the dataset does not implement the AsGraphDefInternal() method needed to apply optimizations.
2026-05-18 04:48:31.229712: I tensorflow/core/common_runtime/executor.cc:1197] [/device:CPU:0] (DEBUG INFO) Executor start aborting (this does not indicate an error and you can ignore this message): INVALID_ARGUMENT: You must feed a value for placeholder tensor 'Placeholder/_0' with dtype variant
	 [[{{node Placeholder/_0}}]]
2026-05-18 04:48:31.237253: W tensorflow/core/framework/dataset.cc:807] Input of GeneratorDatasetOp::Dataset will not be optimized because the dataset does not implement the AsGraphDefInternal() method needed to apply optimizations.
2026-05-18 04:48:31.237739: I tensorflow/core/common_runtime/executor.cc:1197] [/device:CPU:0] (DEBUG INFO) Executor start aborting (this does not indicate an error and you can ignore this message): INVALID_ARGUMENT: You must feed a value for placeholder tensor 'Placeholder/_0' with dtype variant
	 [[{{node Placeholder/_0}}]]
2026-05-18 06:37:36.429500: I tensorflow/core/common_runtime/executor.cc:1197] [/device:CPU:0] (DEBUG INFO) Executor start aborting (this does not indicate an error and you can ignore this message): INVALID_ARGUMENT: You must feed a value for placeholder tensor 'Placeholder/_7' with dtype resource
	 [[{{node Placeholder/_7}}]]
2026-05-18 06:37:36.429658: I tensorflow/core/common_runtime/executor.cc:1197] [/device:CPU:0] (DEBUG INFO) Executor start aborting (this does not indicate an error and you can ignore this message): INVALID_ARGUMENT: You must feed a value for placeholder tensor 'Placeholder/_1' with dtype int32 and shape [497457]
	 [[{{node Placeholder/_1}}]]
2026-05-18 06:37:36.430056: I tensorflow/core/common_runtime/executor.cc:1197] [/device:CPU:0] (DEBUG INFO) Executor start aborting (this does not indicate an error and you can ignore this message): INVALID_ARGUMENT: You must feed a value for placeholder tensor 'Placeholder/_10' with dtype int64
	 [[{{node Placeholder/_10}}]]
2026-05-18 06:37:36.430581: I tensorflow/core/common_runtime/executor.cc:1197] [/device:CPU:0] (DEBUG INFO) Executor start aborting (this does not indicate an error and you can ignore this message): INVALID_ARGUMENT: You must feed a value for placeholder tensor 'Placeholder/_0' with dtype string and shape [497457]
	 [[{{node Placeholder/_0}}]]
2026-05-18 06:37:36.430731: I tensorflow/core/common_runtime/executor.cc:1197] [/device:CPU:0] (DEBUG INFO) Executor start aborting (this does not indicate an error and you can ignore this message): INVALID_ARGUMENT: You must feed a value for placeholder tensor 'Placeholder/_10' with dtype int64
	 [[{{node Placeholder/_10}}]]
2026-05-18 06:37:36.431318: I tensorflow/core/common_runtime/executor.cc:1197] [/device:CPU:0] (DEBUG INFO) Executor start aborting (this does not indicate an error and you can ignore this message): INVALID_ARGUMENT: You must feed a value for placeholder tensor 'Placeholder/_1' with dtype int32 and shape [497457]
	 [[{{node Placeholder/_1}}]]
2026-05-18 06:37:36.432417: I tensorflow/core/common_runtime/executor.cc:1197] [/device:CPU:0] (DEBUG INFO) Executor start aborting (this does not indicate an error and you can ignore this message): INVALID_ARGUMENT: You must feed a value for placeholder tensor 'Placeholder/_0' with dtype string and shape [497457]
	 [[{{node Placeholder/_0}}]]
2026-05-18 06:37:36.432378: I tensorflow/core/common_runtime/executor.cc:1197] [/device:CPU:0] (DEBUG INFO) Executor start aborting (this does not indicate an error and you can ignore this message): INVALID_ARGUMENT: You must feed a value for placeholder tensor 'Placeholder/_0' with dtype string and shape [497457]
	 [[{{node Placeholder/_0}}]]
2026-05-18 06:37:36.432878: I tensorflow/core/common_runtime/executor.cc:1197] [/device:CPU:0] (DEBUG INFO) Executor start aborting (this does not indicate an error and you can ignore this message): INVALID_ARGUMENT: You must feed a value for placeholder tensor 'Placeholder/_10' with dtype int64
	 [[{{node Placeholder/_10}}]]
2026-05-18 06:37:36.433390: I tensorflow/core/common_runtime/executor.cc:1197] [/device:CPU:0] (DEBUG INFO) Executor start aborting (this does not indicate an error and you can ignore this message): INVALID_ARGUMENT: You must feed a value for placeholder tensor 'Placeholder/_7' with dtype resource
	 [[{{node Placeholder/_7}}]]
2026-05-18 06:37:36.433580: I tensorflow/core/common_runtime/executor.cc:1197] [/device:CPU:0] (DEBUG INFO) Executor start aborting (this does not indicate an error and you can ignore this message): INVALID_ARGUMENT: You must feed a value for placeholder tensor 'Placeholder/_0' with dtype string and shape [497457]
	 [[{{node Placeholder/_0}}]]
2026-05-18 06:37:36.434043: I tensorflow/core/common_runtime/executor.cc:1197] [/device:CPU:0] (DEBUG INFO) Executor start aborting (this does not indicate an error and you can ignore this message): INVALID_ARGUMENT: You must feed a value for placeholder tensor 'Placeholder/_9' with dtype string
	 [[{{node Placeholder/_9}}]]
2026-05-18 06:37:36.437184: I tensorflow/core/common_runtime/executor.cc:1197] [/device:CPU:0] (DEBUG INFO) Executor start aborting (this does not indicate an error and you can ignore this message): INVALID_ARGUMENT: You must feed a value for placeholder tensor 'Placeholder/_1' with dtype int32 and shape [497457]
	 [[{{node Placeholder/_1}}]]
2026-05-18 06:37:36.438208: I tensorflow/core/common_runtime/executor.cc:1197] [/device:CPU:0] (DEBUG INFO) Executor start aborting (this does not indicate an error and you can ignore this message): INVALID_ARGUMENT: You must feed a value for placeholder tensor 'Placeholder/_7' with dtype resource
	 [[{{node Placeholder/_7}}]]
2026-05-18 06:37:36.438469: I tensorflow/core/common_runtime/executor.cc:1197] [/device:CPU:0] (DEBUG INFO) Executor start aborting (this does not indicate an error and you can ignore this message): INVALID_ARGUMENT: You must feed a value for placeholder tensor 'Placeholder/_7' with dtype resource
	 [[{{node Placeholder/_7}}]]
2026-05-18 06:37:36.439471: I tensorflow/core/common_runtime/executor.cc:1197] [/device:CPU:0] (DEBUG INFO) Executor start aborting (this does not indicate an error and you can ignore this message): INVALID_ARGUMENT: You must feed a value for placeholder tensor 'Placeholder/_1' with dtype int32 and shape [497457]
	 [[{{node Placeholder/_1}}]]
2026-05-18 06:37:36.519071: W tensorflow/core/framework/dataset.cc:807] Input of GeneratorDatasetOp::Dataset will not be optimized because the dataset does not implement the AsGraphDefInternal() method needed to apply optimizations.
2026-05-18 06:37:36.519539: I tensorflow/core/common_runtime/executor.cc:1197] [/device:CPU:0] (DEBUG INFO) Executor start aborting (this does not indicate an error and you can ignore this message): INVALID_ARGUMENT: You must feed a value for placeholder tensor 'Placeholder/_0' with dtype variant
	 [[{{node Placeholder/_0}}]]
2026-05-18 06:37:36.521879: W tensorflow/core/framework/dataset.cc:807] Input of GeneratorDatasetOp::Dataset will not be optimized because the dataset does not implement the AsGraphDefInternal() method needed to apply optimizations.
2026-05-18 06:37:36.522841: I tensorflow/core/common_runtime/executor.cc:1197] [/device:CPU:0] (DEBUG INFO) Executor start aborting (this does not indicate an error and you can ignore this message): INVALID_ARGUMENT: You must feed a value for placeholder tensor 'Placeholder/_0' with dtype variant
	 [[{{node Placeholder/_0}}]]
2026-05-18 06:37:36.540354: W tensorflow/core/framework/dataset.cc:807] Input of GeneratorDatasetOp::Dataset will not be optimized because the dataset does not implement the AsGraphDefInternal() method needed to apply optimizations.
2026-05-18 06:37:36.540939: I tensorflow/core/common_runtime/executor.cc:1197] [/device:CPU:0] (DEBUG INFO) Executor start aborting (this does not indicate an error and you can ignore this message): INVALID_ARGUMENT: You must feed a value for placeholder tensor 'Placeholder/_0' with dtype variant
	 [[{{node Placeholder/_0}}]]
2026-05-18 06:37:36.541683: W tensorflow/core/framework/dataset.cc:807] Input of GeneratorDatasetOp::Dataset will not be optimized because the dataset does not implement the AsGraphDefInternal() method needed to apply optimizations.
2026-05-18 06:37:36.542443: I tensorflow/core/common_runtime/executor.cc:1197] [/device:CPU:0] (DEBUG INFO) Executor start aborting (this does not indicate an error and you can ignore this message): INVALID_ARGUMENT: You must feed a value for placeholder tensor 'Placeholder/_0' with dtype variant
	 [[{{node Placeholder/_0}}]]
2026-05-18 06:37:36.549766: W tensorflow/core/framework/dataset.cc:807] Input of GeneratorDatasetOp::Dataset will not be optimized because the dataset does not implement the AsGraphDefInternal() method needed to apply optimizations.
2026-05-18 06:37:36.550019: W tensorflow/core/framework/dataset.cc:807] Input of GeneratorDatasetOp::Dataset will not be optimized because the dataset does not implement the AsGraphDefInternal() method needed to apply optimizations.
2026-05-18 06:37:36.550407: I tensorflow/core/common_runtime/executor.cc:1197] [/device:CPU:0] (DEBUG INFO) Executor start aborting (this does not indicate an error and you can ignore this message): INVALID_ARGUMENT: You must feed a value for placeholder tensor 'Placeholder/_0' with dtype variant
	 [[{{node Placeholder/_0}}]]
2026-05-18 06:37:36.550595: I tensorflow/core/common_runtime/executor.cc:1197] [/device:CPU:0] (DEBUG INFO) Executor start aborting (this does not indicate an error and you can ignore this message): INVALID_ARGUMENT: You must feed a value for placeholder tensor 'Placeholder/_0' with dtype variant
	 [[{{node Placeholder/_0}}]]
2026-05-18 06:37:36.553157: I tensorflow/core/common_runtime/executor.cc:1197] [/device:CPU:0] (DEBUG INFO) Executor start aborting (this does not indicate an error and you can ignore this message): INVALID_ARGUMENT: You must feed a value for placeholder tensor 'Placeholder/_1' with dtype int32 and shape [497457]
	 [[{{node Placeholder/_1}}]]
2026-05-18 06:37:36.553844: I tensorflow/core/common_runtime/executor.cc:1197] [/device:CPU:0] (DEBUG INFO) Executor start aborting (this does not indicate an error and you can ignore this message): INVALID_ARGUMENT: You must feed a value for placeholder tensor 'Placeholder/_1' with dtype int32 and shape [497457]
	 [[{{node Placeholder/_1}}]]
2026-05-18 06:37:36.555132: W tensorflow/core/framework/dataset.cc:807] Input of GeneratorDatasetOp::Dataset will not be optimized because the dataset does not implement the AsGraphDefInternal() method needed to apply optimizations.
2026-05-18 06:37:36.555781: I tensorflow/core/common_runtime/executor.cc:1197] [/device:CPU:0] (DEBUG INFO) Executor start aborting (this does not indicate an error and you can ignore this message): INVALID_ARGUMENT: You must feed a value for placeholder tensor 'Placeholder/_0' with dtype variant
	 [[{{node Placeholder/_0}}]]
2026-05-18 06:37:36.556047: W tensorflow/core/framework/dataset.cc:807] Input of GeneratorDatasetOp::Dataset will not be optimized because the dataset does not implement the AsGraphDefInternal() method needed to apply optimizations.
2026-05-18 06:37:36.556669: I tensorflow/core/common_runtime/executor.cc:1197] [/device:CPU:0] (DEBUG INFO) Executor start aborting (this does not indicate an error and you can ignore this message): INVALID_ARGUMENT: You must feed a value for placeholder tensor 'Placeholder/_0' with dtype variant
	 [[{{node Placeholder/_0}}]]
2026-05-18 06:37:36.562365: I tensorflow/core/common_runtime/executor.cc:1197] [/device:CPU:0] (DEBUG INFO) Executor start aborting (this does not indicate an error and you can ignore this message): INVALID_ARGUMENT: You must feed a value for placeholder tensor 'Placeholder/_7' with dtype resource
	 [[{{node Placeholder/_7}}]]
2026-05-18 06:37:36.563058: I tensorflow/core/common_runtime/executor.cc:1197] [/device:CPU:0] (DEBUG INFO) Executor start aborting (this does not indicate an error and you can ignore this message): INVALID_ARGUMENT: You must feed a value for placeholder tensor 'Placeholder/_7' with dtype resource
	 [[{{node Placeholder/_7}}]]
2026-05-18 06:37:36.581619: I tensorflow/core/common_runtime/executor.cc:1197] [/device:CPU:0] (DEBUG INFO) Executor start aborting (this does not indicate an error and you can ignore this message): INVALID_ARGUMENT: You must feed a value for placeholder tensor 'Placeholder/_7' with dtype resource
	 [[{{node Placeholder/_7}}]]
2026-05-18 06:37:36.582534: I tensorflow/core/common_runtime/executor.cc:1197] [/device:CPU:0] (DEBUG INFO) Executor start aborting (this does not indicate an error and you can ignore this message): INVALID_ARGUMENT: You must feed a value for placeholder tensor 'Placeholder/_10' with dtype int64
	 [[{{node Placeholder/_10}}]]
2026-05-18 06:37:36.585619: I tensorflow/core/common_runtime/executor.cc:1197] [/device:CPU:0] (DEBUG INFO) Executor start aborting (this does not indicate an error and you can ignore this message): INVALID_ARGUMENT: You must feed a value for placeholder tensor 'Placeholder/_7' with dtype resource
	 [[{{node Placeholder/_7}}]]
2026-05-18 06:37:36.586479: I tensorflow/core/common_runtime/executor.cc:1197] [/device:CPU:0] (DEBUG INFO) Executor start aborting (this does not indicate an error and you can ignore this message): INVALID_ARGUMENT: You must feed a value for placeholder tensor 'Placeholder/_7' with dtype resource
	 [[{{node Placeholder/_7}}]]
2026-05-18 06:37:36.591244: I tensorflow/core/common_runtime/executor.cc:1197] [/device:CPU:0] (DEBUG INFO) Executor start aborting (this does not indicate an error and you can ignore this message): INVALID_ARGUMENT: You must feed a value for placeholder tensor 'Placeholder/_10' with dtype int64
	 [[{{node Placeholder/_10}}]]
2026-05-18 06:37:36.592110: I tensorflow/core/common_runtime/executor.cc:1197] [/device:CPU:0] (DEBUG INFO) Executor start aborting (this does not indicate an error and you can ignore this message): INVALID_ARGUMENT: You must feed a value for placeholder tensor 'Placeholder/_1' with dtype int32 and shape [497457]
	 [[{{node Placeholder/_1}}]]
2026-05-18 06:37:36.592981: I tensorflow/core/common_runtime/executor.cc:1197] [/device:CPU:0] (DEBUG INFO) Executor start aborting (this does not indicate an error and you can ignore this message): INVALID_ARGUMENT: You must feed a value for placeholder tensor 'Placeholder/_0' with dtype string and shape [497457]
	 [[{{node Placeholder/_0}}]]
2026-05-18 06:37:36.593864: I tensorflow/core/common_runtime/executor.cc:1197] [/device:CPU:0] (DEBUG INFO) Executor start aborting (this does not indicate an error and you can ignore this message): INVALID_ARGUMENT: You must feed a value for placeholder tensor 'Placeholder/_10' with dtype int64
	 [[{{node Placeholder/_10}}]]
2026-05-18 06:37:36.604179: I tensorflow/core/common_runtime/executor.cc:1197] [/device:CPU:0] (DEBUG INFO) Executor start aborting (this does not indicate an error and you can ignore this message): INVALID_ARGUMENT: You must feed a value for placeholder tensor 'Placeholder/_7' with dtype resource
	 [[{{node Placeholder/_7}}]]
2026-05-18 06:37:36.605966: I tensorflow/core/common_runtime/executor.cc:1197] [/device:CPU:0] (DEBUG INFO) Executor start aborting (this does not indicate an error and you can ignore this message): INVALID_ARGUMENT: You must feed a value for placeholder tensor 'Placeholder/_9' with dtype string
	 [[{{node Placeholder/_9}}]]
2026-05-18 06:37:36.633412: I tensorflow/core/common_runtime/executor.cc:1197] [/device:CPU:0] (DEBUG INFO) Executor start aborting (this does not indicate an error and you can ignore this message): INVALID_ARGUMENT: You must feed a value for placeholder tensor 'Placeholder/_0' with dtype variant
	 [[{{node Placeholder/_0}}]]
2026-05-18 06:37:36.648610: I tensorflow/core/common_runtime/executor.cc:1197] [/device:CPU:0] (DEBUG INFO) Executor start aborting (this does not indicate an error and you can ignore this message): INVALID_ARGUMENT: You must feed a value for placeholder tensor 'Placeholder/_0' with dtype variant
	 [[{{node Placeholder/_0}}]]
2026-05-18 06:37:36.689068: I tensorflow/core/common_runtime/executor.cc:1197] [/device:CPU:0] (DEBUG INFO) Executor start aborting (this does not indicate an error and you can ignore this message): INVALID_ARGUMENT: You must feed a value for placeholder tensor 'Placeholder/_0' with dtype string and shape [497457]
	 [[{{node Placeholder/_0}}]]
2026-05-18 06:37:36.689942: I tensorflow/core/common_runtime/executor.cc:1197] [/device:CPU:0] (DEBUG INFO) Executor start aborting (this does not indicate an error and you can ignore this message): INVALID_ARGUMENT: You must feed a value for placeholder tensor 'Placeholder/_7' with dtype resource
	 [[{{node Placeholder/_7}}]]
2026-05-18 06:37:36.689955: I tensorflow/core/common_runtime/executor.cc:1197] [/device:CPU:0] (DEBUG INFO) Executor start aborting (this does not indicate an error and you can ignore this message): INVALID_ARGUMENT: You must feed a value for placeholder tensor 'Placeholder/_0' with dtype variant
	 [[{{node Placeholder/_0}}]]
2026-05-18 06:37:36.690172: I tensorflow/core/common_runtime/executor.cc:1197] [/device:CPU:0] (DEBUG INFO) Executor start aborting (this does not indicate an error and you can ignore this message): INVALID_ARGUMENT: You must feed a value for placeholder tensor 'Placeholder/_0' with dtype variant
	 [[{{node Placeholder/_0}}]]
2026-05-18 06:37:36.691106: I tensorflow/core/common_runtime/executor.cc:1197] [/device:CPU:0] (DEBUG INFO) Executor start aborting (this does not indicate an error and you can ignore this message): INVALID_ARGUMENT: You must feed a value for placeholder tensor 'Placeholder/_0' with dtype variant
	 [[{{node Placeholder/_0}}]]
2026-05-18 06:37:36.702397: I tensorflow/core/common_runtime/executor.cc:1197] [/device:CPU:0] (DEBUG INFO) Executor start aborting (this does not indicate an error and you can ignore this message): INVALID_ARGUMENT: You must feed a value for placeholder tensor 'Placeholder/_0' with dtype variant
	 [[{{node Placeholder/_0}}]]
2026-05-18 06:37:36.738600: I tensorflow/core/common_runtime/executor.cc:1197] [/device:CPU:0] (DEBUG INFO) Executor start aborting (this does not indicate an error and you can ignore this message): INVALID_ARGUMENT: You must feed a value for placeholder tensor 'Placeholder/_0' with dtype variant
	 [[{{node Placeholder/_0}}]]
2026-05-18 06:37:36.786253: I tensorflow/core/common_runtime/executor.cc:1197] [/device:CPU:0] (DEBUG INFO) Executor start aborting (this does not indicate an error and you can ignore this message): INVALID_ARGUMENT: You must feed a value for placeholder tensor 'Placeholder/_0' with dtype variant
	 [[{{node Placeholder/_0}}]]
2026-05-18 06:39:45.159592: I tensorflow/core/common_runtime/executor.cc:1197] [/device:CPU:0] (DEBUG INFO) Executor start aborting (this does not indicate an error and you can ignore this message): INVALID_ARGUMENT: You must feed a value for placeholder tensor 'Placeholder/_1' with dtype int32 and shape [496002]
	 [[{{node Placeholder/_1}}]]
2026-05-18 06:39:45.160268: I tensorflow/core/common_runtime/executor.cc:1197] [/device:CPU:0] (DEBUG INFO) Executor start aborting (this does not indicate an error and you can ignore this message): INVALID_ARGUMENT: You must feed a value for placeholder tensor 'Placeholder/_10' with dtype int64
	 [[{{node Placeholder/_10}}]]
2026-05-18 06:39:45.162036: I tensorflow/core/common_runtime/executor.cc:1197] [/device:CPU:0] (DEBUG INFO) Executor start aborting (this does not indicate an error and you can ignore this message): INVALID_ARGUMENT: You must feed a value for placeholder tensor 'Placeholder/_7' with dtype resource
	 [[{{node Placeholder/_7}}]]
2026-05-18 06:39:45.162706: I tensorflow/core/common_runtime/executor.cc:1197] [/device:CPU:0] (DEBUG INFO) Executor start aborting (this does not indicate an error and you can ignore this message): INVALID_ARGUMENT: You must feed a value for placeholder tensor 'Placeholder/_1' with dtype int32 and shape [496002]
	 [[{{node Placeholder/_1}}]]
2026-05-18 06:39:45.168919: I tensorflow/core/common_runtime/executor.cc:1197] [/device:CPU:0] (DEBUG INFO) Executor start aborting (this does not indicate an error and you can ignore this message): INVALID_ARGUMENT: You must feed a value for placeholder tensor 'Placeholder/_7' with dtype resource
	 [[{{node Placeholder/_7}}]]
2026-05-18 06:39:45.169581: I tensorflow/core/common_runtime/executor.cc:1197] [/device:CPU:0] (DEBUG INFO) Executor start aborting (this does not indicate an error and you can ignore this message): INVALID_ARGUMENT: You must feed a value for placeholder tensor 'Placeholder/_7' with dtype resource
	 [[{{node Placeholder/_7}}]]
2026-05-18 06:39:45.174884: I tensorflow/core/common_runtime/executor.cc:1197] [/device:CPU:0] (DEBUG INFO) Executor start aborting (this does not indicate an error and you can ignore this message): INVALID_ARGUMENT: You must feed a value for placeholder tensor 'Placeholder/_10' with dtype int64
	 [[{{node Placeholder/_10}}]]
2026-05-18 06:39:45.175617: I tensorflow/core/common_runtime/executor.cc:1197] [/device:CPU:0] (DEBUG INFO) Executor start aborting (this does not indicate an error and you can ignore this message): INVALID_ARGUMENT: You must feed a value for placeholder tensor 'Placeholder/_10' with dtype int64
	 [[{{node Placeholder/_10}}]]
2026-05-18 06:39:45.178037: I tensorflow/core/common_runtime/executor.cc:1197] [/device:CPU:0] (DEBUG INFO) Executor start aborting (this does not indicate an error and you can ignore this message): INVALID_ARGUMENT: You must feed a value for placeholder tensor 'Placeholder/_7' with dtype resource
	 [[{{node Placeholder/_7}}]]
2026-05-18 06:39:45.178699: I tensorflow/core/common_runtime/executor.cc:1197] [/device:CPU:0] (DEBUG INFO) Executor start aborting (this does not indicate an error and you can ignore this message): INVALID_ARGUMENT: You must feed a value for placeholder tensor 'Placeholder/_9' with dtype string
	 [[{{node Placeholder/_9}}]]
2026-05-18 06:39:45.181897: I tensorflow/core/common_runtime/executor.cc:1197] [/device:CPU:0] (DEBUG INFO) Executor start aborting (this does not indicate an error and you can ignore this message): INVALID_ARGUMENT: You must feed a value for placeholder tensor 'Placeholder/_8' with dtype int64
	 [[{{node Placeholder/_8}}]]
2026-05-18 06:39:45.182341: I tensorflow/core/common_runtime/executor.cc:1197] [/device:CPU:0] (DEBUG INFO) Executor start aborting (this does not indicate an error and you can ignore this message): INVALID_ARGUMENT: You must feed a value for placeholder tensor 'Placeholder/_0' with dtype string and shape [496002]
	 [[{{node Placeholder/_0}}]]
2026-05-18 06:39:45.182556: I tensorflow/core/common_runtime/executor.cc:1197] [/device:CPU:0] (DEBUG INFO) Executor start aborting (this does not indicate an error and you can ignore this message): INVALID_ARGUMENT: You must feed a value for placeholder tensor 'Placeholder/_8' with dtype int64
	 [[{{node Placeholder/_8}}]]
2026-05-18 06:39:45.183205: I tensorflow/core/common_runtime/executor.cc:1197] [/device:CPU:0] (DEBUG INFO) Executor start aborting (this does not indicate an error and you can ignore this message): INVALID_ARGUMENT: You must feed a value for placeholder tensor 'Placeholder/_10' with dtype int64
	 [[{{node Placeholder/_10}}]]
2026-05-18 06:39:45.183897: I tensorflow/core/common_runtime/executor.cc:1197] [/device:CPU:0] (DEBUG INFO) Executor start aborting (this does not indicate an error and you can ignore this message): INVALID_ARGUMENT: You must feed a value for placeholder tensor 'Placeholder/_7' with dtype resource
	 [[{{node Placeholder/_7}}]]
2026-05-18 06:39:45.184666: I tensorflow/core/common_runtime/executor.cc:1197] [/device:CPU:0] (DEBUG INFO) Executor start aborting (this does not indicate an error and you can ignore this message): INVALID_ARGUMENT: You must feed a value for placeholder tensor 'Placeholder/_1' with dtype int32 and shape [496002]
	 [[{{node Placeholder/_1}}]]
2026-05-18 06:39:45.185364: I tensorflow/core/common_runtime/executor.cc:1197] [/device:CPU:0] (DEBUG INFO) Executor start aborting (this does not indicate an error and you can ignore this message): INVALID_ARGUMENT: You must feed a value for placeholder tensor 'Placeholder/_0' with dtype string and shape [496002]
	 [[{{node Placeholder/_0}}]]
2026-05-18 06:39:45.185045: I tensorflow/core/common_runtime/executor.cc:1197] [/device:CPU:0] (DEBUG INFO) Executor start aborting (this does not indicate an error and you can ignore this message): INVALID_ARGUMENT: You must feed a value for placeholder tensor 'Placeholder/_8' with dtype int64
	 [[{{node Placeholder/_8}}]]
2026-05-18 06:39:45.186955: I tensorflow/core/common_runtime/executor.cc:1197] [/device:CPU:0] (DEBUG INFO) Executor start aborting (this does not indicate an error and you can ignore this message): INVALID_ARGUMENT: You must feed a value for placeholder tensor 'Placeholder/_8' with dtype int64
	 [[{{node Placeholder/_8}}]]
2026-05-18 06:39:45.187639: I tensorflow/core/common_runtime/executor.cc:1197] [/device:CPU:0] (DEBUG INFO) Executor start aborting (this does not indicate an error and you can ignore this message): INVALID_ARGUMENT: You must feed a value for placeholder tensor 'Placeholder/_7' with dtype resource
	 [[{{node Placeholder/_7}}]]
2026-05-18 06:39:45.195535: I tensorflow/core/common_runtime/executor.cc:1197] [/device:CPU:0] (DEBUG INFO) Executor start aborting (this does not indicate an error and you can ignore this message): INVALID_ARGUMENT: You must feed a value for placeholder tensor 'Placeholder/_0' with dtype string and shape [496002]
	 [[{{node Placeholder/_0}}]]
2026-05-18 06:39:45.196222: I tensorflow/core/common_runtime/executor.cc:1197] [/device:CPU:0] (DEBUG INFO) Executor start aborting (this does not indicate an error and you can ignore this message): INVALID_ARGUMENT: You must feed a value for placeholder tensor 'Placeholder/_7' with dtype resource
	 [[{{node Placeholder/_7}}]]
2026-05-18 06:39:45.197717: I tensorflow/core/common_runtime/executor.cc:1197] [/device:CPU:0] (DEBUG INFO) Executor start aborting (this does not indicate an error and you can ignore this message): INVALID_ARGUMENT: You must feed a value for placeholder tensor 'Placeholder/_8' with dtype int64
	 [[{{node Placeholder/_8}}]]
2026-05-18 06:39:45.199209: I tensorflow/core/common_runtime/executor.cc:1197] [/device:CPU:0] (DEBUG INFO) Executor start aborting (this does not indicate an error and you can ignore this message): INVALID_ARGUMENT: You must feed a value for placeholder tensor 'Placeholder/_10' with dtype int64
	 [[{{node Placeholder/_10}}]]
2026-05-18 06:39:45.205910: I tensorflow/core/common_runtime/executor.cc:1197] [/device:CPU:0] (DEBUG INFO) Executor start aborting (this does not indicate an error and you can ignore this message): INVALID_ARGUMENT: You must feed a value for placeholder tensor 'Placeholder/_10' with dtype int64
	 [[{{node Placeholder/_10}}]]
2026-05-18 06:39:45.206049: I tensorflow/core/common_runtime/executor.cc:1197] [/device:CPU:0] (DEBUG INFO) Executor start aborting (this does not indicate an error and you can ignore this message): INVALID_ARGUMENT: You must feed a value for placeholder tensor 'Placeholder/_10' with dtype int64
	 [[{{node Placeholder/_10}}]]
2026-05-18 06:39:45.206625: I tensorflow/core/common_runtime/executor.cc:1197] [/device:CPU:0] (DEBUG INFO) Executor start aborting (this does not indicate an error and you can ignore this message): INVALID_ARGUMENT: You must feed a value for placeholder tensor 'Placeholder/_7' with dtype resource
	 [[{{node Placeholder/_7}}]]
2026-05-18 06:39:45.206746: I tensorflow/core/common_runtime/executor.cc:1197] [/device:CPU:0] (DEBUG INFO) Executor start aborting (this does not indicate an error and you can ignore this message): INVALID_ARGUMENT: You must feed a value for placeholder tensor 'Placeholder/_7' with dtype resource
	 [[{{node Placeholder/_7}}]]
2026-05-18 06:39:45.211931: I tensorflow/core/common_runtime/executor.cc:1197] [/device:CPU:0] (DEBUG INFO) Executor start aborting (this does not indicate an error and you can ignore this message): INVALID_ARGUMENT: You must feed a value for placeholder tensor 'Placeholder/_1' with dtype int32 and shape [496002]
	 [[{{node Placeholder/_1}}]]
2026-05-18 06:39:45.212632: I tensorflow/core/common_runtime/executor.cc:1197] [/device:CPU:0] (DEBUG INFO) Executor start aborting (this does not indicate an error and you can ignore this message): INVALID_ARGUMENT: You must feed a value for placeholder tensor 'Placeholder/_7' with dtype resource
	 [[{{node Placeholder/_7}}]]
2026-05-18 06:39:45.213436: I tensorflow/core/common_runtime/executor.cc:1197] [/device:CPU:0] (DEBUG INFO) Executor start aborting (this does not indicate an error and you can ignore this message): INVALID_ARGUMENT: You must feed a value for placeholder tensor 'Placeholder/_7' with dtype resource
	 [[{{node Placeholder/_7}}]]
2026-05-18 06:39:45.214357: I tensorflow/core/common_runtime/executor.cc:1197] [/device:CPU:0] (DEBUG INFO) Executor start aborting (this does not indicate an error and you can ignore this message): INVALID_ARGUMENT: You must feed a value for placeholder tensor 'Placeholder/_0' with dtype string and shape [496002]
	 [[{{node Placeholder/_0}}]]
2026-05-18 06:39:45.285056: W tensorflow/core/framework/dataset.cc:807] Input of GeneratorDatasetOp::Dataset will not be optimized because the dataset does not implement the AsGraphDefInternal() method needed to apply optimizations.
2026-05-18 06:39:45.285510: I tensorflow/core/common_runtime/executor.cc:1197] [/device:CPU:0] (DEBUG INFO) Executor start aborting (this does not indicate an error and you can ignore this message): INVALID_ARGUMENT: You must feed a value for placeholder tensor 'Placeholder/_0' with dtype variant
	 [[{{node Placeholder/_0}}]]
2026-05-18 06:39:45.304045: W tensorflow/core/framework/dataset.cc:807] Input of GeneratorDatasetOp::Dataset will not be optimized because the dataset does not implement the AsGraphDefInternal() method needed to apply optimizations.
2026-05-18 06:39:45.304571: I tensorflow/core/common_runtime/executor.cc:1197] [/device:CPU:0] (DEBUG INFO) Executor start aborting (this does not indicate an error and you can ignore this message): INVALID_ARGUMENT: You must feed a value for placeholder tensor 'Placeholder/_0' with dtype variant
	 [[{{node Placeholder/_0}}]]
2026-05-18 06:39:45.315936: I tensorflow/core/common_runtime/executor.cc:1197] [/device:CPU:0] (DEBUG INFO) Executor start aborting (this does not indicate an error and you can ignore this message): INVALID_ARGUMENT: You must feed a value for placeholder tensor 'Placeholder/_10' with dtype int64
	 [[{{node Placeholder/_10}}]]
2026-05-18 06:39:45.316727: I tensorflow/core/common_runtime/executor.cc:1197] [/device:CPU:0] (DEBUG INFO) Executor start aborting (this does not indicate an error and you can ignore this message): INVALID_ARGUMENT: You must feed a value for placeholder tensor 'Placeholder/_1' with dtype int32 and shape [496002]
	 [[{{node Placeholder/_1}}]]
2026-05-18 06:39:45.318239: W tensorflow/core/framework/dataset.cc:807] Input of GeneratorDatasetOp::Dataset will not be optimized because the dataset does not implement the AsGraphDefInternal() method needed to apply optimizations.
2026-05-18 06:39:45.319216: I tensorflow/core/common_runtime/executor.cc:1197] [/device:CPU:0] (DEBUG INFO) Executor start aborting (this does not indicate an error and you can ignore this message): INVALID_ARGUMENT: You must feed a value for placeholder tensor 'Placeholder/_0' with dtype variant
	 [[{{node Placeholder/_0}}]]
2026-05-18 06:39:45.324636: W tensorflow/core/framework/dataset.cc:807] Input of GeneratorDatasetOp::Dataset will not be optimized because the dataset does not implement the AsGraphDefInternal() method needed to apply optimizations.
2026-05-18 06:39:45.325168: I tensorflow/core/common_runtime/executor.cc:1197] [/device:CPU:0] (DEBUG INFO) Executor start aborting (this does not indicate an error and you can ignore this message): INVALID_ARGUMENT: You must feed a value for placeholder tensor 'Placeholder/_0' with dtype variant
	 [[{{node Placeholder/_0}}]]
2026-05-18 06:39:45.326802: W tensorflow/core/framework/dataset.cc:807] Input of GeneratorDatasetOp::Dataset will not be optimized because the dataset does not implement the AsGraphDefInternal() method needed to apply optimizations.
2026-05-18 06:39:45.327440: I tensorflow/core/common_runtime/executor.cc:1197] [/device:CPU:0] (DEBUG INFO) Executor start aborting (this does not indicate an error and you can ignore this message): INVALID_ARGUMENT: You must feed a value for placeholder tensor 'Placeholder/_0' with dtype variant
	 [[{{node Placeholder/_0}}]]
2026-05-18 06:39:45.329099: W tensorflow/core/framework/dataset.cc:807] Input of GeneratorDatasetOp::Dataset will not be optimized because the dataset does not implement the AsGraphDefInternal() method needed to apply optimizations.
2026-05-18 06:39:45.330074: I tensorflow/core/common_runtime/executor.cc:1197] [/device:CPU:0] (DEBUG INFO) Executor start aborting (this does not indicate an error and you can ignore this message): INVALID_ARGUMENT: You must feed a value for placeholder tensor 'Placeholder/_0' with dtype variant
	 [[{{node Placeholder/_0}}]]
2026-05-18 06:39:45.333649: W tensorflow/core/framework/dataset.cc:807] Input of GeneratorDatasetOp::Dataset will not be optimized because the dataset does not implement the AsGraphDefInternal() method needed to apply optimizations.
2026-05-18 06:39:45.334325: I tensorflow/core/common_runtime/executor.cc:1197] [/device:CPU:0] (DEBUG INFO) Executor start aborting (this does not indicate an error and you can ignore this message): INVALID_ARGUMENT: You must feed a value for placeholder tensor 'Placeholder/_0' with dtype variant
	 [[{{node Placeholder/_0}}]]
2026-05-18 06:39:45.335605: I tensorflow/core/common_runtime/executor.cc:1197] [/device:CPU:0] (DEBUG INFO) Executor start aborting (this does not indicate an error and you can ignore this message): INVALID_ARGUMENT: You must feed a value for placeholder tensor 'Placeholder/_10' with dtype int64
	 [[{{node Placeholder/_10}}]]
2026-05-18 06:39:45.336287: I tensorflow/core/common_runtime/executor.cc:1197] [/device:CPU:0] (DEBUG INFO) Executor start aborting (this does not indicate an error and you can ignore this message): INVALID_ARGUMENT: You must feed a value for placeholder tensor 'Placeholder/_9' with dtype string
	 [[{{node Placeholder/_9}}]]
2026-05-18 06:39:45.351780: I tensorflow/core/common_runtime/executor.cc:1197] [/device:CPU:0] (DEBUG INFO) Executor start aborting (this does not indicate an error and you can ignore this message): INVALID_ARGUMENT: You must feed a value for placeholder tensor 'Placeholder/_1' with dtype int32 and shape [496002]
	 [[{{node Placeholder/_1}}]]
2026-05-18 06:39:45.352480: I tensorflow/core/common_runtime/executor.cc:1197] [/device:CPU:0] (DEBUG INFO) Executor start aborting (this does not indicate an error and you can ignore this message): INVALID_ARGUMENT: You must feed a value for placeholder tensor 'Placeholder/_10' with dtype int64
	 [[{{node Placeholder/_10}}]]
2026-05-18 06:39:45.373083: I tensorflow/core/common_runtime/executor.cc:1197] [/device:CPU:0] (DEBUG INFO) Executor start aborting (this does not indicate an error and you can ignore this message): INVALID_ARGUMENT: You must feed a value for placeholder tensor 'Placeholder/_1' with dtype int32 and shape [496002]
	 [[{{node Placeholder/_1}}]]
2026-05-18 06:39:45.373101: I tensorflow/core/common_runtime/executor.cc:1197] [/device:CPU:0] (DEBUG INFO) Executor start aborting (this does not indicate an error and you can ignore this message): INVALID_ARGUMENT: You must feed a value for placeholder tensor 'Placeholder/_1' with dtype int32 and shape [496002]
	 [[{{node Placeholder/_1}}]]
2026-05-18 06:39:45.373963: I tensorflow/core/common_runtime/executor.cc:1197] [/device:CPU:0] (DEBUG INFO) Executor start aborting (this does not indicate an error and you can ignore this message): INVALID_ARGUMENT: You must feed a value for placeholder tensor 'Placeholder/_9' with dtype string
	 [[{{node Placeholder/_9}}]]
2026-05-18 06:39:45.374015: I tensorflow/core/common_runtime/executor.cc:1197] [/device:CPU:0] (DEBUG INFO) Executor start aborting (this does not indicate an error and you can ignore this message): INVALID_ARGUMENT: You must feed a value for placeholder tensor 'Placeholder/_9' with dtype string
	 [[{{node Placeholder/_9}}]]
2026-05-18 06:39:45.392547: I tensorflow/core/common_runtime/executor.cc:1197] [/device:CPU:0] (DEBUG INFO) Executor start aborting (this does not indicate an error and you can ignore this message): INVALID_ARGUMENT: You must feed a value for placeholder tensor 'Placeholder/_0' with dtype variant
	 [[{{node Placeholder/_0}}]]
2026-05-18 06:39:45.395515: I tensorflow/core/common_runtime/executor.cc:1197] [/device:CPU:0] (DEBUG INFO) Executor start aborting (this does not indicate an error and you can ignore this message): INVALID_ARGUMENT: You must feed a value for placeholder tensor 'Placeholder/_7' with dtype resource
	 [[{{node Placeholder/_7}}]]
2026-05-18 06:39:45.396235: I tensorflow/core/common_runtime/executor.cc:1197] [/device:CPU:0] (DEBUG INFO) Executor start aborting (this does not indicate an error and you can ignore this message): INVALID_ARGUMENT: You must feed a value for placeholder tensor 'Placeholder/_8' with dtype int64
	 [[{{node Placeholder/_8}}]]
2026-05-18 06:39:45.403945: I tensorflow/core/common_runtime/executor.cc:1197] [/device:CPU:0] (DEBUG INFO) Executor start aborting (this does not indicate an error and you can ignore this message): INVALID_ARGUMENT: You must feed a value for placeholder tensor 'Placeholder/_10' with dtype int64
	 [[{{node Placeholder/_10}}]]
2026-05-18 06:39:45.404811: I tensorflow/core/common_runtime/executor.cc:1197] [/device:CPU:0] (DEBUG INFO) Executor start aborting (this does not indicate an error and you can ignore this message): INVALID_ARGUMENT: You must feed a value for placeholder tensor 'Placeholder/_7' with dtype resource
	 [[{{node Placeholder/_7}}]]
2026-05-18 06:39:45.406084: W tensorflow/core/framework/dataset.cc:807] Input of GeneratorDatasetOp::Dataset will not be optimized because the dataset does not implement the AsGraphDefInternal() method needed to apply optimizations.
2026-05-18 06:39:45.406584: I tensorflow/core/common_runtime/executor.cc:1197] [/device:CPU:0] (DEBUG INFO) Executor start aborting (this does not indicate an error and you can ignore this message): INVALID_ARGUMENT: You must feed a value for placeholder tensor 'Placeholder/_0' with dtype variant
	 [[{{node Placeholder/_0}}]]
2026-05-18 06:39:45.423000: I tensorflow/core/common_runtime/executor.cc:1197] [/device:CPU:0] (DEBUG INFO) Executor start aborting (this does not indicate an error and you can ignore this message): INVALID_ARGUMENT: You must feed a value for placeholder tensor 'Placeholder/_0' with dtype variant
	 [[{{node Placeholder/_0}}]]
2026-05-18 06:39:45.427676: I tensorflow/core/common_runtime/executor.cc:1197] [/device:CPU:0] (DEBUG INFO) Executor start aborting (this does not indicate an error and you can ignore this message): INVALID_ARGUMENT: You must feed a value for placeholder tensor 'Placeholder/_0' with dtype variant
	 [[{{node Placeholder/_0}}]]
2026-05-18 06:39:45.440931: I tensorflow/core/common_runtime/executor.cc:1197] [/device:CPU:0] (DEBUG INFO) Executor start aborting (this does not indicate an error and you can ignore this message): INVALID_ARGUMENT: You must feed a value for placeholder tensor 'Placeholder/_1' with dtype int32 and shape [496002]
	 [[{{node Placeholder/_1}}]]
2026-05-18 06:39:45.441639: I tensorflow/core/common_runtime/executor.cc:1197] [/device:CPU:0] (DEBUG INFO) Executor start aborting (this does not indicate an error and you can ignore this message): INVALID_ARGUMENT: You must feed a value for placeholder tensor 'Placeholder/_9' with dtype string
	 [[{{node Placeholder/_9}}]]
2026-05-18 06:39:45.479797: I tensorflow/core/common_runtime/executor.cc:1197] [/device:CPU:0] (DEBUG INFO) Executor start aborting (this does not indicate an error and you can ignore this message): INVALID_ARGUMENT: You must feed a value for placeholder tensor 'Placeholder/_0' with dtype variant
	 [[{{node Placeholder/_0}}]]
2026-05-18 06:39:45.483007: I tensorflow/core/common_runtime/executor.cc:1197] [/device:CPU:0] (DEBUG INFO) Executor start aborting (this does not indicate an error and you can ignore this message): INVALID_ARGUMENT: You must feed a value for placeholder tensor 'Placeholder/_0' with dtype variant
	 [[{{node Placeholder/_0}}]]
2026-05-18 06:39:45.509807: I tensorflow/core/common_runtime/executor.cc:1197] [/device:CPU:0] (DEBUG INFO) Executor start aborting (this does not indicate an error and you can ignore this message): INVALID_ARGUMENT: You must feed a value for placeholder tensor 'Placeholder/_0' with dtype variant
	 [[{{node Placeholder/_0}}]]
2026-05-18 06:39:45.520480: I tensorflow/core/common_runtime/executor.cc:1197] [/device:CPU:0] (DEBUG INFO) Executor start aborting (this does not indicate an error and you can ignore this message): INVALID_ARGUMENT: You must feed a value for placeholder tensor 'Placeholder/_0' with dtype variant
	 [[{{node Placeholder/_0}}]]
2026-05-18 06:39:45.530407: I tensorflow/core/common_runtime/executor.cc:1197] [/device:CPU:0] (DEBUG INFO) Executor start aborting (this does not indicate an error and you can ignore this message): INVALID_ARGUMENT: You must feed a value for placeholder tensor 'Placeholder/_0' with dtype variant
	 [[{{node Placeholder/_0}}]]
